setting_1,setting_2,s_2,s_3,s_4,s_6,s_7,s_8,s_9,s_11,s_12,s_13,s_14,s_15,s_17,s_20,s_21,s_2_rolling_mean,s_3_rolling_mean,s_4_rolling_mean,s_6_rolling_mean,s_7_rolling_mean,s_8_rolling_mean,s_9_rolling_mean,s_11_rolling_mean,s_12_rolling_mean,s_13_rolling_mean,s_14_rolling_mean,s_15_rolling_mean,s_17_rolling_mean,s_20_rolling_mean,s_21_rolling_mean,s_2_rolling_std,s_3_rolling_std,s_4_rolling_std,s_6_rolling_std,s_7_rolling_std,s_8_rolling_std,s_9_rolling_std,s_11_rolling_std,s_12_rolling_std,s_13_rolling_std,s_14_rolling_std,s_15_rolling_std,s_17_rolling_std,s_20_rolling_std,s_21_rolling_std
-0.005,0.0003,642.04,1589.91,1406.63,21.61,553.78,2388.1,9060.49,47.53,522.09,2388.04,8134.78,8.4455,391,38.87,23.3365,642.04,1589.91,1406.63,21.61,553.78,2388.1,9060.49,47.53,522.09,2388.04,8134.78,8.4455,391.0,38.87,23.3365,0.0,0.0,0.0,0.0,0.0,0.0,0.0,0.0,0.0,0.0,0.0,0.0,0.0,0.0,0.0
0.0023,0.0002,642.65,1586.25,1407.88,21.61,553.7,2388.09,9064.32,47.39,522.07,2388.07,8140.37,8.4573,392,38.91,23.3452,642.345,1588.08,1407.255,21.61,553.74,2388.0950000000003,9062.404999999999,47.46,522.08,2388.0550000000003,8137.575,8.4514,391.5,38.89,23.34085,0.43133513652376343,2.5880108191427413,0.8838834764831844,0.0,0.05656854249487235,0.007071067811859044,2.708218971945069,0.09899494936611705,0.014142135623718088,0.021213203435577133,3.9527269068329036,0.008343860018001912,0.7071067811865476,0.028284271247458786,0.006151828996321187
-0.0005,0.0005,642.55,1586.42,1396.4,21.61,553.28,2388.11,9058.66,47.39,521.07,2388.06,8139.75,8.4522,394,39.04,23.361,642.4133333333333,1587.5266666666666,1403.6366666666665,21.61,553.5866666666667,2388.1,9061.156666666668,47.43666666666667,521.7433333333333,2388.056666666667,8138.3,8.451666666666666,392.3333333333333,38.94,23.347566666666665,0.3271594921950364,2.0657766900933687,6.298224617567515,0.0,0.26857649437981407,0.009999999999877218,2.8882924597991098,0.08082903768654794,0.5832095106677427,0.015275252316468362,3.0641311982355357,0.00591805148113285,1.5275252316519545,0.08888194417315559,0.012420279116563676
-0.0001,-0.0,642.41,1594.89,1404.86,21.61,554.25,2388.04,9056.54,47.59,521.68,2388.04,8144.12,8.4403,392,38.77,23.4206,642.4124999999999,1589.3675,1403.9425,21.61,553.7525,2388.085,9060.0025,47.475,521.7275,2388.0525,8139.755,8.448825,392.25,38.8975,23.365825,0.2671298061492211,4.049645046173821,5.178728125708081,0.0,0.3976074278313474,0.03109126351038966,3.299983585816863,0.10115993936995797,0.4772403307908056,0.015000000000045307,3.8376251336817733,0.00745983690617045,1.2583057392117973,0.11176612486199149,0.03789866972159693
0.0024,0.0002,643.41,1590.49,1409.58,21.61,553.5,2388.04,9058.47,47.24,521.47,2388.12,8139.21,8.3971,392,39.04,23.3311,642.612,1589.592,1405.0700000000002,21.61,553.702,2388.076,9059.696,47.428000000000004,521.676,2388.066,8139.645999999999,8.43848,392.2,38.926,23.35888,0.5025136814057928,3.542840668164473,5.144968415840802,0.0,0.3623810149552508,0.03361547262802764,2.9388994538763757,0.13682105101189762,0.42904545213762457,0.03286335345016016,3.332406037685009,0.024017327078590424,1.0954451150103368,0.11588787684654317,0.0363097369861037
0.0005,-0.0002,642.75,1589.51,1414.62,21.61,553.59,2388.05,9055.33,47.37,521.38,2388.04,8142.92,8.4121,391,38.93,23.4274,642.754,1589.5120000000002,1406.6680000000001,21.61,553.664,2388.066,9058.664,47.396,521.534,2388.0660000000003,8141.274,8.431799999999999,392.2,38.938,23.37706,0.3876596445337038,3.5383781595527757,6.7432128840781935,0.0,0.3621187650481502,0.032093613071892645,3.451627152516769,0.1252198067399903,0.37138928363637447,0.03286335345016016,2.1335955568009504,0.026128719830868136,1.0954451150103368,0.1116691542011463,0.04420167417643846
0.0013,-0.0003,642.5,1587.88,1402.18,21.61,554.22,2388.0,9057.29,47.72,521.64,2388.05,8135.4,8.4458,391,38.89,23.3179,642.7239999999999,1589.8380000000002,1405.5279999999998,21.61,553.768,2388.048,9057.258,47.462,521.4480000000001,2388.062,8140.279999999999,8.4295,392.0,38.934,23.371599999999997,0.403212102992941,3.2238129598349916,6.965250892824932,0.0,0.44110089548764464,0.03962322551255731,1.3845829697014882,0.19097120201747705,0.2442744358296602,0.03346640106124709,3.426200519525847,0.023717820304572815,1.2247448713915934,0.11326958991715029,0.05037593671585625
0.0012,-0.0002,642.34,1592.6,1402.26,21.61,554.0,2388.07,9057.96,47.13,522.2,2388.07,8141.11,8.3977,392,38.85,23.407,642.682,1591.074,1406.7,21.61,553.912,2388.04,9057.117999999999,47.410000000000004,521.674,2388.064,8140.551999999999,8.418600000000001,391.6,38.896,23.3808,0.43551119388595483,2.733098973692751,5.351411028878104,0.0,0.35009998571832984,0.02549509756835321,1.2346537976235454,0.24361855430159687,0.31855925665409307,0.033615472627809784,3.4275895320180747,0.023195042573792197,0.5477225575051733,0.09989994994993692,0.05212614507135503
0.0041,-0.0001,642.76,1582.13,1391.57,21.61,554.0,2388.03,9058.47,47.42,521.43,2388.07,8146.68,8.4121,391,39.09,23.3476,642.7520000000001,1588.5220000000002,1404.042,21.61,553.8620000000001,2388.038,9057.503999999999,47.376,521.624,2388.0699999999997,8141.064,8.412960000000002,391.4,38.96,23.3662,0.4081298812877846,3.960715844389643,8.728643651793776,0.0,0.30466374907425386,0.02588435821149426,1.3082736716713381,0.22322634253152115,0.33649665674416923,0.030822070014594003,4.1983484848215396,0.019775944983743493,0.5477225575051733,0.10148891565091804,0.04827250770366047
-0.0006,0.0003,641.98,1593.4,1408.72,21.61,553.78,2388.11,9054.31,47.45,521.83,2388.04,8138.66,8.4532,394,38.82,23.3865,642.466,1589.104,1403.87,21.61,553.918,2388.0520000000006,9056.672,47.418,521.696,2388.054,8140.954,8.424180000000002,391.8,38.916000000000004,23.377280000000003,0.3241604540963826,4.499369955893746,8.599755810486725,0.0,0.24045789652239033,0.041472882706871286,1.7786005734801256,0.21064187617850302,0.3338113239541511,0.015165750888522846,4.26573323122806,0.023992853102538857,1.3038404810405282,0.10573551910309155,0.044404920898476724
-0.0003,-0.0004,642.51,1584.68,1393.79,21.61,554.1,2388.03,9057.06,47.53,521.88,2388.07,8139.3,8.4358,391,38.77,23.3335,642.418,1588.1380000000001,1399.704,21.61,554.0200000000001,2388.0480000000002,9057.018,47.45,521.796,2388.06,8140.2300000000005,8.42892,391.8,38.884,23.3585,0.28726294574826766,4.891791083028729,6.983718923324606,0.0,0.16186414056224183,0.04266145801561678,1.6128143104481978,0.21365860619221355,0.28710625210894686,0.014142135623855422,4.154383227387811,0.023341957929873668,1.3038404810405282,0.12320714265009601,0.03717667279356767
-0.0009,0.0004,642.85,1587.31,1407.41,21.61,553.25,2388.1,9059.26,47.48,522.0,2388.07,8133.49,8.4221,393,39.05,23.3104,642.488,1588.024,1400.75,21.61,553.826,2388.068,9057.412,47.402,521.868,2388.064,8139.848,8.424180000000002,392.2,38.916000000000004,23.357000000000003,0.3483819742753176,4.905928046761331,7.792153104245437,0.0,0.34260764731688026,0.037682887362873944,1.9092590185697946,0.1573848785620773,0.28331960751076907,0.01341640786490039,4.7540687836839925,0.021381230086222953,1.3038404810405282,0.14415269681833728,0.039314183191311414
0.0024,0.0002,642.53,1584.34,1402.22,21.61,554.34,2388.08,9060.25,47.4,522.19,2388.09,8142.63,8.409,393,38.92,23.2522,642.5260000000001,1586.372,1400.742,21.61,553.894,2388.07,9057.869999999999,47.456,521.8660000000001,2388.068,8140.152,8.426440000000001,392.4,38.93000000000001,23.32604,0.3384228124697927,4.337599566580596,7.790235554846961,0.0,0.41240756540102047,0.03807886552934388,2.3068484995754988,0.05128352561982299,0.28041041350146745,0.017888543819769676,4.9012620823620905,0.018250561635193462,1.341640786499874,0.13946325680980964,0.049681113111523824
0.0047,0.0001,641.7,1586.25,1400.29,21.61,553.66,2388.07,9059.35,47.5,521.86,2388.07,8138.7,8.4354,392,38.96,23.3628,642.3140000000001,1587.196,1402.4859999999999,21.61,553.826,2388.078,9058.045999999998,47.472,521.952,2388.068,8138.556,8.4311,392.6,38.903999999999996,23.32908,0.4639288738589012,3.6703038021395833,5.992122328524306,0.0,0.41854509912316856,0.031144823004860545,2.395919447726645,0.04969909455914382,0.1478850905266415,0.017888543819769676,3.272877938449907,0.016571059109181583,1.1401754250991445,0.11148990985734777,0.05175207242227122
-0.0024,0.0004,642.6,1585.05,1399.43,21.61,554.3,2388.09,9062.54,47.5,521.82,2388.04,8143.7,8.3921,393,38.8,23.4396,642.438,1585.526,1400.6280000000002,21.61,553.9300000000001,2388.0739999999996,9059.692000000001,47.482,521.95,2388.068,8139.564,8.418880000000001,392.4,38.9,23.3397,0.4342464737910737,1.2304186279476619,4.92030690099724,0.0,0.46615448083223343,0.02701851217227954,1.9782239509219868,0.049193495504981116,0.15000000000024477,0.017888543819769676,4.006760536892336,0.01860341366523892,0.8944271909999322,0.11554220008291191,0.06904129199254495
0.0015,-0.0001,642.65,1586.89,1407.62,21.61,553.43,2388.02,9060.57,47.29,521.6,2388.08,8141.15,8.4132,392,39.03,23.3926,642.4660000000001,1585.968,1403.394,21.61,553.796,2388.072,9060.394,47.434,521.894,2388.07,8139.933999999999,8.41436,392.6,38.952000000000005,23.35152,0.44444347222113645,1.2473652231806727,3.895950461697085,0.0,0.5001299831044344,0.031144823004924424,1.3259826544877815,0.09044335243675583,0.2190433747002405,0.018708286933540243,4.0613335248412765,0.01603256061894022,0.5477225575052057,0.09984988733092959,0.07267772698702027
0.0022,-0.0003,642.42,1588.44,1404.33,21.61,553.53,2388.1,9063.99,47.39,521.35,2388.06,8140.72,8.4988,392,38.96,23.3602,642.3799999999999,1586.194,1402.7779999999998,21.61,553.852,2388.072,9061.34,47.416,521.764,2388.068,8141.38,8.4297,392.4,38.934000000000005,23.36148,0.3898076448711283,1.6029753585132063,3.300162117229723,0.0,0.4351666347504441,0.031144823004924424,1.8843831882093813,0.0879204185613303,0.31309742892600445,0.019235384061432707,1.9115308001725997,0.04159867786360455,0.5477225575052057,0.08473488065725819,0.06895050398655439
0.0015,0.0002,642.92,1585.91,1402.04,21.61,553.51,2388.08,9056.16,47.4,521.8,2388.1,8136.02,8.4253,392,38.82,23.3846,642.458,1586.508,1402.742,21.61,553.6859999999999,2388.072,9060.522,47.416,521.6859999999999,2388.0699999999997,8140.058,8.43296,392.2,38.914,23.38796,0.46002173861674583,1.2677223670821187,3.3087414525765255,0.0,0.3530297437895261,0.031144823004924424,3.020855838996821,0.0879204185613303,0.2130258200314239,0.02236067977465005,2.874216414955264,0.040185606876093675,0.44721359550000084,0.09939818911831423,0.032027925315258166
-0.0015,0.0004,642.28,1586.1,1406.05,21.61,553.97,2388.1,9052.28,47.46,521.92,2388.08,8142.03,8.4189,393,38.97,23.2634,642.574,1586.478,1403.894,21.61,553.7479999999999,2388.0780000000004,9059.107999999998,47.408,521.698,2388.0719999999997,8140.724,8.429659999999998,392.4,38.916000000000004,23.36808,0.24306377763872897,1.2770943582994574,3.2436907990739403,0.0,0.3739251261951719,0.03346640106158397,4.823439644070609,0.07981227975693746,0.22653917983443186,0.02280350850157606,2.8666757751797762,0.0406103804463827,0.5477225575052057,0.10064790112068915,0.06520975387163852
-0.0001,-0.0,642.61,1589.05,1398.34,21.61,553.34,2388.02,9059.36,47.47,522.07,2388.1,8138.99,8.4218,393,38.82,23.3809,642.576,1587.2779999999998,1403.676,21.61,553.5559999999999,2388.064,9058.472,47.402,521.748,2388.084,8139.781999999999,8.435599999999999,392.4,38.92,23.35634,0.24337214302382734,1.4053362586940363,3.632083424151746,0.0,0.24326939799360273,0.04098780306378031,4.453220183191963,0.07190271204898775,0.2811938832906154,0.016733200529501672,2.37616708166681,0.03560695156847784,0.5477225575052057,0.09513148795220033,0.05331358175924527
0.001,-0.0003,642.77,1589.51,1409.38,21.61,554.03,2388.08,9066.93,47.45,521.91,2388.04,8141.85,8.4205,392,38.89,23.4212,642.6,1587.8020000000001,1404.0279999999998,21.61,553.676,2388.076,9059.744,47.434000000000005,521.8100000000001,2388.076,8139.9220000000005,8.437059999999999,392.4,38.891999999999996,23.36206,0.25797286679031733,1.6851023707775772,4.157194967763451,0.0,0.3055814130475098,0.03286335345047899,5.881558466936566,0.03646916505761554,0.2744995446263021,0.02607680962039269,2.494588142359041,0.03459411799713821,0.5477225575052057,0.07259476565152768,0.059367061574577384
0.0004,0.0,642.39,1584.29,1406.28,21.61,554.45,2388.07,9066.82,47.61,521.78,2388.06,8140.02,8.4076,393,39.02,23.2729,642.5939999999999,1586.972,1404.4180000000001,21.61,553.86,2388.07,9060.310000000001,47.478,521.896,2388.076,8139.782000000001,8.41882,392.6,38.904,23.344599999999996,0.2634957305157193,2.2271551360424247,4.282198033720203,0.0,0.44215381938874765,0.0300000000001224,6.4963528229301595,0.07854934754662284,0.11588787684673113,0.02607680962039269,2.45798087868834,0.006700522367688722,0.5477225575052057,0.08961026726887973,0.07162328531978707
0.0027,0.0004,642.99,1582.68,1402.37,21.61,554.55,2388.09,9061.19,47.38,522.2,2388.06,8141.0,8.422,394,38.92,23.3634,642.608,1586.326,1404.484,21.61,554.068,2388.072,9061.316,47.474000000000004,521.976,2388.068,8140.778,8.41816,393.0,38.924,23.340359999999997,0.286041954964692,2.9600557427183816,4.2387061705191575,0.0,0.4793954526275276,0.031144823004970047,6.068404238347435,0.08384509526501811,0.16195678435937944,0.022803508501915076,1.2784248120266826,0.006031832225774775,0.7071067811865751,0.07635443667528148,0.0692515920394588
-0.0028,-0.0002,642.07,1591.26,1401.57,21.61,554.17,2388.04,9064.46,47.44,521.74,2388.1,8135.76,8.4501,392,38.91,23.4123,642.566,1587.358,1403.588,21.61,554.108,2388.06,9063.752,47.47,521.9399999999999,2388.072,8139.524,8.4244,392.8,38.912,23.37014,0.3536665095821118,3.6747748230333324,4.298007677982723,0.0,0.47751439768862913,0.0291547594742575,3.3862619508821554,0.0851469318296315,0.19429359227734216,0.026832815729803953,2.360493592449353,0.01557610349220651,0.8366600265341007,0.07190271204898883,0.05916378115029173
0.0038,0.0003,642.61,1593.16,1404.99,21.61,553.27,2388.11,9053.71,47.36,521.9,2388.04,8139.7,8.4123,393,38.85,23.2724,642.566,1588.1799999999998,1404.9180000000001,21.61,554.0939999999999,2388.078,9062.622,47.448,521.906,2388.06,8139.666,8.4225,392.8,38.918,23.34844,0.3536665095821118,4.512144722856281,3.1413006860211237,0.0,0.5058458263146584,0.025884358211635903,5.50078812535042,0.09833615815151402,0.1802220852171946,0.024494897427935203,2.3416190979737888,0.016523165556270484,0.8366600265341007,0.0630079360080908,0.07260215561537772
-0.0004,0.0005,642.16,1590.84,1405.96,21.61,554.26,2388.0,9055.5,47.47,521.8,2388.07,8138.27,8.3907,392,38.76,23.2123,642.4440000000001,1588.4460000000001,1404.234,21.61,554.14,2388.0620000000004,9060.336,47.452000000000005,521.884,2388.066,8138.95,8.416540000000001,392.8,38.891999999999996,23.30666,0.37051315766105625,4.647330416486392,2.1393994484427497,0.0,0.5090186637049132,0.043243496620971426,5.6362602849752825,0.09884331034521074,0.1862256695518594,0.02190890230018715,2.0339862339722097,0.021918553784406016,0.8366600265341007,0.0957601169589954,0.0799945810664674
0.002,-0.0004,642.5,1578.34,1408.77,21.61,553.67,2388.05,9058.29,47.35,521.99,2388.01,8138.22,8.4337,392,38.82,23.3601,642.466,1587.256,1404.732,21.61,553.984,2388.058,9058.630000000001,47.4,521.926,2388.0559999999996,8138.590000000001,8.42176,392.6,38.852,23.3241,0.3697701989073438,6.406424900051519,2.8921134140964404,0.0,0.5097842680977962,0.04324349662090044,4.320341421692219,0.05244044240849248,0.18049930747798526,0.033615472627861354,1.9550191814876852,0.022360635053591364,0.8944271909999421,0.06610597552416354,0.08029922166496736
-0.0016,0.0004,642.53,1583.87,1406.71,21.61,553.95,2388.09,9060.72,47.41,521.77,2388.04,8144.12,8.4335,394,38.9,23.267,642.374,1587.494,1405.6,21.61,553.8639999999999,2388.058,9058.536,47.406,521.8399999999999,2388.052,8139.214,8.42406,392.6,38.848,23.30482,0.24192974186717423,6.2131135511915865,2.646866071412632,0.0,0.4025916044828422,0.04324349662090044,4.255341349408728,0.0512835256198185,0.10319883720292948,0.034205262752924195,3.0868398079573613,0.022974507611696404,0.8944271909999421,0.061400325732045444,0.08007681936740306
0.0024,0.0001,642.41,1594.42,1407.73,21.61,553.51,2388.07,9062.64,47.46,521.72,2388.1,8139.63,8.3885,394,38.81,23.3384,642.442,1588.1259999999997,1406.8319999999999,21.61,553.732,2388.0640000000003,9058.172,47.410000000000004,521.836,2388.052,8139.988,8.41174,393.0,38.827999999999996,23.290039999999998,0.17311845655493796,6.822769232503794,1.477369283555528,0.0,0.3849935064388948,0.04219004621954827,3.6578094537564656,0.055226805085923966,0.10830512453265993,0.034205262752924195,2.4167064364538615,0.022016085028903006,1.0000000000000213,0.05167204273107535,0.0594403314257238
-0.0009,0.0004,642.74,1585.0,1410.4,21.61,553.6,2388.0,9054.67,47.5,521.43,2388.06,8144.03,8.4125,391,39.0,23.3942,642.468,1586.494,1407.9140000000002,21.61,553.798,2388.0420000000004,9058.364,47.438,521.742,2388.056,8140.854000000001,8.411779999999998,392.6,38.858,23.3144,0.21040437257807162,6.271250274068245,1.7474638765914188,0.0,0.3062188759696201,0.04086563348335959,3.379664184499078,0.058906705900081055,0.20216330032935476,0.033615472627861354,2.9944498660028147,0.022017538463685874,1.341640786499894,0.09391485505499535,0.07366087835479397
0.001,-0.0001,642.51,1585.28,1401.84,21.61,553.11,2388.08,9063.56,47.37,522.03,2388.1,8139.91,8.3758,393,38.84,23.2756,642.538,1585.382,1407.0900000000001,21.61,553.568,2388.058,9059.976,47.41799999999999,521.7879999999999,2388.062,8141.181999999999,8.408800000000001,392.8,38.874,23.32706,0.12194260945211577,5.78181805317339,3.236317351557701,0.0,0.3043353413590906,0.03563705936241121,3.5878865645362996,0.06220932405997504,0.24108089928497373,0.038987177379158355,2.71767731712352,0.02619580119026498,1.3038404810405486,0.07861297602813343,0.05473424887581436
-0.0005,0.0003,642.73,1584.27,1403.55,21.61,553.38,2388.07,9056.62,47.35,521.59,2388.07,8143.52,8.4378,393,38.82,23.264,642.5840000000001,1586.5679999999998,1406.0459999999998,21.61,553.51,2388.0620000000004,9059.642,47.418,521.708,2388.0739999999996,8142.242,8.40962,393.0,38.874,23.30784,0.14518953130305573,4.42525366504571,3.3968558992095947,0.0,0.3076524012585826,0.03563705936243992,3.852079957630829,0.06220932405997504,0.22297981971479938,0.026076809620885336,2.2703457886450997,0.02721446306653663,1.2247448713916078,0.07861297602813343,0.05705530650167204
-0.0009,-0.0001,642.42,1588.36,1401.28,21.61,554.01,2388.08,9061.89,47.51,522.1,2388.1,8140.6,8.4665,393,39.02,23.2309,642.5620000000001,1587.466,1404.9599999999998,21.61,553.522,2388.0600000000004,9059.876,47.438,521.774,2388.0860000000002,8141.5380000000005,8.41622,392.8,38.898,23.300620000000002,0.16269603560014662,4.190212405117406,3.953839905711453,0.0,0.32949962063735994,0.03391164991559801,3.9677361303369185,0.07395944834839216,0.28588459209976474,0.01949358868969254,2.0802091241056355,0.03677563051804669,1.095445115010353,0.10305338422390155,0.06521588763483811
-0.0019,0.0001,642.51,1597.07,1408.95,21.61,553.54,2388.11,9057.94,47.35,522.16,2388.05,8141.97,8.4108,392,38.76,23.3034,642.582,1587.9959999999999,1405.2040000000002,21.61,553.528,2388.068,9058.936,47.416,521.862,2388.076,8142.005999999999,8.420679999999999,392.4,38.888,23.29362,0.14446452851825137,5.308147511137863,4.197645768760892,0.0,0.3294996206373582,0.040865633483454865,3.6966917642648385,0.08173126696680391,0.3294996206371799,0.023021728866264125,1.7860655083216503,0.03380572436733017,0.8944271909999421,0.11541230437002749,0.06194321593201205
-0.0032,0.0002,643.02,1588.06,1407.91,21.61,553.24,2388.1,9067.78,47.18,522.11,2388.07,8138.21,8.4271,392,39.03,23.4179,642.638,1588.6079999999997,1404.706,21.61,553.456,2388.0879999999997,9061.558,47.352,521.9979999999999,2388.078,8140.8420000000015,8.4236,392.6,38.894000000000005,23.29836,0.24221890925357292,5.04631251509446,3.5201178957524437,0.0,0.34861153165115166,0.016431676725702178,4.480660665568476,0.11713240371477286,0.23274449510145964,0.021679483388507444,2.0185811848938937,0.03355212362876455,0.5477225575052219,0.12320714265009002,0.07170197347353612
-0.0019,-0.0001,642.21,1584.92,1397.61,21.61,553.39,2388.04,9055.85,47.45,521.28,2388.08,8140.79,8.4149,393,38.82,23.3288,642.578,1588.5359999999998,1403.8600000000001,21.61,553.512,2388.08,9060.016,47.367999999999995,521.8480000000001,2388.0739999999996,8141.017999999999,8.43142,392.6,38.89,23.309,0.3096288100290339,5.107859630021065,4.693761817561443,0.0,0.2979429475590332,0.027386127875545774,4.924167950017533,0.1253794241492612,0.393281069974181,0.018165902124257602,1.954346438073082,0.022293878083453653,0.5477225575052219,0.12569805089976527,0.07142692069520856
0.0012,0.0005,642.26,1582.85,1403.25,21.61,553.82,2388.09,9056.71,47.39,521.44,2388.09,8139.11,8.4304,392,38.89,23.4186,642.484,1588.252,1403.8,21.61,553.6,2388.084,9060.034,47.376,521.818,2388.078,8140.136,8.42994,392.4,38.903999999999996,23.33992,0.323001547983921,5.433449180769025,4.7006276176695545,0.0,0.31376742979500016,0.027018512172541462,4.908791093536474,0.1252198067399891,0.42251627187604096,0.019235384061522837,1.4806012292315927,0.022008248453702563,0.5477225575052219,0.11970797801316016,0.08002210319655044
-0.001,0.0002,642.2,1588.38,1408.43,21.61,554.02,2388.03,9062.48,47.46,521.77,2388.08,8147.21,8.387,391,38.77,23.2774,642.4399999999999,1588.2559999999999,1405.23,21.61,553.6020000000001,2388.074,9060.152,47.366,521.752,2388.0739999999996,8141.4580000000005,8.41404,392.0,38.854,23.34922,0.34792240514230316,5.433555925910729,4.828188065930768,0.0,0.31704889212887866,0.036469165057815334,4.9712543688673145,0.11326958991715515,0.39213518077318693,0.015165750887767592,3.530456061192756,0.0171800174621534,0.7071067811865878,0.11104053313993834,0.0655840834349249
0.0,-0.0004,642.73,1593.42,1405.7,21.61,553.65,2388.07,9054.04,47.45,521.86,2388.08,8139.46,8.4145,390,38.87,23.2507,642.484,1587.526,1404.58,21.61,553.624,2388.066,9059.372,47.386,521.692,2388.0800000000004,8140.956,8.41478,391.6,38.876,23.33868,0.37206182281979944,4.012789553415576,4.402147203353947,0.0,0.3154837555249785,0.03049590136416466,5.662929453911859,0.11844830095869012,0.33252067604890495,0.0070710678117478385,3.6168466929093066,0.017084993415272254,1.1401754250991678,0.09787747442593983,0.07787224794494747
-0.0015,-0.0,642.12,1587.75,1407.5,21.61,554.25,2388.09,9061.02,47.41,521.98,2388.06,8144.17,8.4251,393,38.89,23.4337,642.304,1587.4640000000002,1404.498,21.61,553.826,2388.064,9058.02,47.432,521.666,2388.0780000000004,8142.147999999999,8.41438,391.8,38.848,23.341839999999998,0.24337214302391244,4.004863293547146,4.327801982530722,0.0,0.33110421320202965,0.027928480087854413,3.5762060902559094,0.03033150177621072,0.2945844530860837,0.010954451150003415,3.46450862316973,0.016744461770982856,1.3038404810405553,0.05215361924163765,0.0820966077252856
-0.0016,0.0005,642.73,1577.3,1401.96,21.61,553.5,2388.07,9065.77,47.32,522.36,2388.08,8144.56,8.4485,395,38.9,23.3789,642.408,1585.94,1405.368,21.61,553.848,2388.07,9060.003999999999,47.40599999999999,521.882,2388.0780000000004,8142.902,8.4211,392.2,38.864,23.35186,0.2981107176872897,6.111010554728458,2.7446256575341756,0.0,0.29676590100639105,0.024494897428060127,4.659112576444526,0.055946402922799815,0.3340957946458688,0.010954451150003415,3.5050777452180513,0.022691518239199154,1.9235384061671554,0.05366563146000574,0.0831576995833779
0.0017,-0.0002,642.78,1584.88,1405.84,21.61,553.66,2388.01,9051.69,47.45,521.34,2388.04,8142.48,8.4382,393,39.07,23.3364,642.512,1586.346,1405.886,21.61,553.816,2388.054,9059.0,47.418,521.862,2388.0679999999998,8143.575999999999,8.422659999999999,392.4,38.9,23.33542,0.32321819255727047,5.918807312288691,2.476243122149735,0.0,0.3089174647056074,0.03286335345066926,5.917376952669518,0.0580517010948032,0.3684019543922907,0.017888543819526585,2.8578715856432195,0.023734847798119806,1.9493588689618149,0.10816653826391975,0.07432063643430067
0.0033,0.0005,642.43,1592.31,1406.97,21.61,554.19,2388.02,9059.47,47.42,522.06,2388.05,8138.8,8.4336,394,38.76,23.3002,642.558,1587.132,1405.594,21.61,553.85,2388.052,9058.398000000001,47.410000000000004,521.92,2388.062,8141.894,8.43198,393.0,38.898,23.33998,0.28137164036196194,6.489843603662666,2.1681743472318513,0.0,0.344310906013935,0.034928498393499895,5.6204955297542565,0.05338539126015989,0.3730951621236296,0.017888543819231065,2.651806931135012,0.012914216972002164,1.8708286933869964,0.11122050170719726,0.07047053994400362
0.0012,-0.0004,642.61,1590.24,1410.33,21.61,553.53,2388.07,9059.49,47.55,521.54,2388.08,8134.82,8.4293,393,38.92,23.298,642.534,1586.4959999999999,1406.52,21.61,553.826,2388.052,9059.488000000001,47.43,521.856,2388.062,8140.966,8.434940000000001,393.6,38.908,23.34944,0.26782456944796096,5.843169516623784,3.038708607285688,0.0,0.3652807139723471,0.034928498393499895,5.065068607628395,0.0827647267862373,0.41143650786003555,0.017888543819231065,4.121271648412802,0.009012935148993243,0.8944271909999719,0.11031772296417382,0.057463753793145944
-0.0034,-0.0004,643.1,1579.46,1399.31,21.61,554.3,2388.06,9054.87,47.47,521.66,2388.08,8140.54,8.4351,393,38.94,23.2756,642.73,1584.838,1404.882,21.61,553.836,2388.046,9058.257999999998,47.442,521.792,2388.066,8140.240000000001,8.43694,393.6,38.918,23.31782,0.24688053791243117,6.533729409763029,4.31692830609862,0.0,0.38017101415038734,0.0288097205821867,5.339337037497237,0.08348652585897139,0.4122135368957043,0.019493588689072888,3.715508040632779,0.0072133903263281555,0.8944271909999719,0.11054410884348259,0.04050249375037954
0.0028,0.0005,642.6,1590.02,1402.95,21.61,553.33,2388.02,9060.75,47.28,521.91,2388.12,8141.52,8.4093,394,38.91,23.2944,642.704,1587.382,1405.08,21.61,553.802,2388.036,9057.254,47.434,521.702,2388.0739999999996,8139.6320000000005,8.4291,393.4,38.92,23.30092,0.2536335939893128,5.206497863247486,4.169592306208733,0.0,0.4229302542974859,0.027018512172586703,3.8332075341671543,0.09864076236526326,0.2874369496081955,0.03130495168488536,3.0144518573039334,0.011523237392327362,0.5477225575052705,0.11022703842524134,0.022087824700491327
0.0006,-0.0003,642.4,1592.83,1403.22,21.61,554.12,2388.04,9053.84,47.49,521.25,2388.15,8141.81,8.4501,392,38.84,23.3751,642.6279999999999,1588.9720000000002,1404.556,21.61,553.894,2388.0420000000004,9057.684,47.442,521.684,2388.096,8139.498000000001,8.43148,393.2,38.874,23.30866,0.2806599365779675,5.459182173183043,4.2145913206378545,0.0,0.4342004145554227,0.022803508502483003,3.1043002432098183,0.1018331969448109,0.31706466217488155,0.03911521443172335,2.8675111159337527,0.014671468910778775,0.8366600265341431,0.07402702209330181,0.03839203042298656
0.0006,-0.0004,642.31,1590.33,1401.8,21.61,553.64,2388.02,9059.1,47.4,522.13,2388.06,8139.31,8.4113,393,38.84,23.2872,642.604,1588.576,1403.522,21.61,553.784,2388.042,9057.609999999999,47.438,521.698,2388.098,8139.6,8.42702,393.0,38.89,23.30606,0.30582674833956824,5.2232298436886495,4.107112124108328,0.0,0.4094264280675183,0.022803508502483003,3.0551022896122184,0.10329569206893667,0.33862959114654667,0.03633180424985604,2.845461298279108,0.01706083233608291,0.7071067811866254,0.046904157598245705,0.039531481125800925
-0.0017,0.0005,642.28,1589.87,1404.49,21.61,554.24,2388.09,9064.21,47.47,521.45,2388.07,8140.28,8.4538,393,38.97,23.4366,642.5379999999999,1588.502,1402.3539999999998,21.61,553.926,2388.046,9058.554,47.422000000000004,521.6800000000001,2388.096,8140.692,8.43192,393.0,38.9,23.333779999999997,0.3381124073440127,5.196313116046774,1.9519554298189616,0.0,0.42223216362577126,0.029664793948823223,4.269207186349557,0.08642916174532932,0.3512833614051193,0.03781534080294446,1.004773606346077,0.02095356771530636,0.7071067811866254,0.05873670062235638,0.06961445252244225
0.0009,0.0005,641.79,1592.12,1403.02,21.61,553.69,2388.1,9061.41,47.31,521.9,2388.04,8145.05,8.3741,392,39.04,23.3538,642.2760000000001,1591.034,1403.096,21.61,553.804,2388.0539999999996,9059.862,47.39,521.728,2388.0879999999997,8141.594,8.419720000000002,392.8,38.92,23.349420000000002,0.29904849105118053,1.3494183932341433,0.9572512731766307,0.0,0.37233049834807525,0.038470768123761316,3.8384593263396707,0.09354143466934352,0.36403296554029013,0.045497252664627334,2.175966451950508,0.03295848904303587,0.8366600265341431,0.08631338250815339,0.06159855517785567
-0.0012,0.0004,642.27,1583.78,1406.21,21.61,553.16,2388.07,9059.73,47.31,521.98,2388.01,8134.99,8.4371,392,38.89,23.4298,642.21,1589.7859999999998,1403.748,21.61,553.77,2388.064,9059.658,47.396,521.742,2388.0660000000003,8140.2880000000005,8.42528,392.4,38.916000000000004,23.3765,0.24031229681394306,3.573811690618148,1.674476037450877,0.0,0.42976737893906924,0.03361547262855523,3.8064379674397064,0.0853229160308017,0.3739919785236799,0.05224940191029803,3.6748632627633535,0.03310576988985309,0.5477225575052705,0.08734987120768473,0.061124135985707276
-0.0024,0.0001,642.0,1585.92,1402.32,21.61,554.22,2388.01,9056.55,47.45,521.86,2388.08,8136.59,8.4378,393,38.85,23.1695,642.1299999999999,1588.404,1403.568,21.61,553.7900000000001,2388.058,9060.2,47.388,521.8639999999999,2388.0519999999997,8139.244000000001,8.42282,392.6,38.918,23.33538,0.2274862633215441,3.4358012166013254,1.789824013694546,0.0,0.45188494110797817,0.0408656334838214,2.841548873407073,0.0756306816047495,0.2534363825499387,0.027748873850237315,3.870643357376359,0.0312026761672759,0.5477225575052705,0.08526429498916263,0.11106012785873864
-0.0011,0.0006,642.5,1589.31,1411.83,21.61,553.9,2388.07,9063.84,47.49,521.44,2388.09,8138.53,8.4052,393,38.82,23.3519,642.168,1588.2,1405.574,21.61,553.842,2388.068,9061.148,47.406000000000006,521.726,2388.058,8139.088000000001,8.4216,392.6,38.914,23.34832,0.27580790416520357,3.321227182834562,3.802253279305928,0.0,0.44521904721176114,0.03492849839361382,3.156092520815968,0.08876936408468782,0.2601538006642044,0.0327108544670771,3.883016868364205,0.03187765675202447,0.5477225575052705,0.09016651263079561,0.10776338431953274
0.0019,0.0005,641.9,1588.73,1402.11,21.61,554.27,2388.01,9059.64,47.57,521.43,2388.05,8140.74,8.4125,392,39.03,23.4315,642.092,1587.972,1405.098,21.61,553.848,2388.052,9060.234,47.426,521.722,2388.054,8139.18,8.413340000000002,392.4,38.926,23.3473,0.2892576705983863,3.2153646760514345,4.108524065889585,0.0,0.45207300295432884,0.04024922359535576,2.6723079912248404,0.11436782764397034,0.26555602045527976,0.03209361307114108,3.923557059608233,0.02631336162484642,0.5477225575052705,0.10261578825891586,0.10673816093599978
0.0027,-0.0002,642.89,1585.97,1412.3,21.61,553.31,2388.04,9060.43,47.4,521.47,2388.08,8140.4,8.4225,392,38.96,23.2801,642.3120000000001,1586.742,1406.954,21.61,553.7719999999999,2388.04,9060.037999999999,47.444,521.636,2388.062,8138.25,8.42302,392.4,38.910000000000004,23.33256,0.3994621383810852,2.268913837059373,4.945880103681194,0.0,0.5130984311028154,0.030000000000549684,2.5994364773864445,0.0973652915571147,0.26311594402480565,0.03271085446710838,2.4639500806621575,0.014536058612977385,0.5477225575052705,0.08514693182963139,0.11063384653892938
0.0028,0.0003,642.93,1595.61,1399.05,21.61,552.53,2388.08,9053.34,47.36,521.25,2388.09,8141.43,8.4082,393,38.65,23.3409,642.444,1589.108,1405.522,21.61,553.646,2388.0420000000004,9058.76,47.454,521.49,2388.078,8139.5380000000005,8.41724,392.6,38.862,23.31478,0.4825246107712873,3.9519008084716707,6.1137852432018445,0.0,0.7317308248257697,0.032710854468046474,3.9884270082307873,0.08142481194330478,0.22416511771477848,0.01643167672505588,1.9668680687842557,0.01322433363160245,0.5477225575052705,0.14549914089094781,0.09745856555480083
0.003,0.0001,642.25,1586.86,1396.66,21.61,553.3,2388.06,9062.8,47.38,521.85,2388.1,8144.85,8.4653,392,38.93,23.3626,642.494,1589.2959999999998,1404.3899999999999,21.61,553.4619999999999,2388.0520000000006,9060.009999999998,47.44,521.488,2388.0820000000003,8141.19,8.422740000000001,392.4,38.878,23.3534,0.43569484734155833,3.7809892885327523,7.26960452844548,0.0,0.6638297974633399,0.027748873851703694,4.100463388443406,0.08803408430830431,0.220045449850882,0.01923538406170164,2.310595161427858,0.024674541535759126,0.5477225575052705,0.14822280526289708,0.05411940502259009
0.0005,0.0002,642.4,1589.1,1406.39,21.61,554.02,2388.07,9059.1,47.27,521.37,2388.07,8145.99,8.4485,393,39.02,23.4113,642.4739999999999,1589.2540000000001,1403.3020000000001,21.61,553.4860000000001,2388.052,9059.062,47.396,521.4739999999999,2388.078,8142.682000000001,8.4314,392.4,38.918,23.365280000000002,0.4376414057193139,3.7819611314765536,6.20717890832851,0.0,0.6854414635840322,0.027748873851703694,3.497173144123392,0.10922453936729795,0.2260088493844409,0.01923538406146523,2.5587829138128053,0.024577835543430064,0.5477225575052705,0.1554670383071606,0.05991687575298967
-0.003,0.0001,642.69,1584.89,1401.43,21.61,554.02,2388.07,9059.96,47.33,521.13,2388.05,8131.11,8.4209,393,38.86,23.3005,642.632,1588.486,1403.166,21.61,553.4359999999999,2388.064,9059.126,47.348,521.414,2388.078,8140.755999999999,8.43308,392.6,38.884,23.339080000000003,0.29936599673315084,4.272988415617214,6.247145748259644,0.0,0.6199435458170625,0.015165750889864072,3.5132862109393717,0.050695167422496946,0.27509998182496187,0.01923538406146523,5.8690271766293804,0.023212108908927116,0.5477225575052705,0.14293355099486785,0.05181526802014181
0.0017,-0.0004,642.78,1588.14,1403.98,21.61,553.7,2388.06,9056.34,47.54,522.09,2388.06,8140.1,8.4403,393,38.93,23.2333,642.6099999999999,1588.9199999999998,1401.502,21.61,553.514,2388.068,9058.308,47.376,521.538,2388.074,8140.696000000001,8.43664,392.8,38.878,23.32972,0.2790161285661192,4.058367898552207,3.85666565831201,0.0,0.624643898553598,0.00836660026861812,3.6086174637923047,0.10064790112067427,0.4122135368957118,0.020736441352946118,5.875106807540942,0.022539032809769904,0.4472135955000803,0.13953494186046336,0.06710441118137647
0.0034,-0.0001,642.64,1587.0,1396.17,21.61,553.64,2388.06,9058.86,47.38,522.0,2388.06,8141.98,8.4328,390,39.02,23.2672,642.5519999999999,1587.1979999999999,1400.926,21.61,553.736,2388.064,9059.412,47.38,521.688,2388.068,8140.806,8.441559999999999,392.2,38.952,23.31498,0.21970434679360132,1.5799746833411643,4.479244355915905,0.0,0.30079893616870046,0.005477225579867373,2.3247623534403985,0.10024968827880382,0.41763620532711493,0.0192353840608609,5.89739179638032,0.01671011669617796,1.303840481040569,0.06833739825305966,0.07195385326721106
0.0026,-0.0003,642.35,1592.62,1408.23,21.61,553.72,2388.15,9063.45,47.44,521.65,2388.05,8139.67,8.4437,393,38.69,23.2802,642.5719999999999,1588.35,1403.2400000000002,21.61,553.82,2388.082,9059.542000000001,47.391999999999996,521.648,2388.058,8139.7699999999995,8.43724,392.4,38.903999999999996,23.2985,0.1875366630822086,2.8562913016705944,4.707207239967145,0.0,0.18493242008963676,0.03834057902622299,2.567122903168748,0.1037786105129484,0.4077008707374085,0.008366600261852344,5.447178168557509,0.010777198151649039,1.3416407864999138,0.13722244714332021,0.0676266589445274
0.0013,0.0001,642.86,1594.11,1406.45,21.61,553.93,2388.05,9059.46,47.56,521.85,2388.05,8140.51,8.4002,393,38.83,23.2422,642.664,1589.352,1403.252,21.61,553.8019999999999,2388.078,9059.613999999998,47.45,521.7439999999999,2388.054,8138.674000000001,8.42758,392.4,38.866,23.26468,0.19475625792268916,3.8803569423442403,4.717310674526198,0.0,0.16376812876812244,0.04086563348419627,2.5566540634142285,0.09949874371067942,0.38154947254583804,0.0054772255687852555,4.316831013603212,0.017629435612064637,1.3416407864999138,0.12259690045023287,0.027478846409552404
0.0018,0.0002,642.78,1590.52,1406.75,21.61,553.77,2388.08,9064.18,47.49,521.86,2388.07,8136.28,8.4441,394,38.97,23.2478,642.682,1590.478,1404.316,21.61,553.752,2388.08,9060.458000000002,47.482,521.8900000000001,2388.058,8139.7080000000005,8.43222,392.6,38.888,23.25414,0.20179197209020916,2.9725443646815224,4.802809594393259,0.0,0.10986355173677205,0.040620192023987395,3.290626080240745,0.07362064927726389,0.1674813422443146,0.008366600261852344,2.104250460379615,0.01846502098563453,1.5165750888103409,0.13084341787037818,0.0191490991955209
0.0008,-0.0002,641.98,1588.67,1406.71,21.61,554.06,2388.05,9057.65,47.53,521.79,2388.09,8137.68,8.4254,393,38.84,23.3127,642.522,1590.584,1404.862,21.61,553.824,2388.0780000000004,9060.72,47.480000000000004,521.83,2388.064,8139.224,8.42924,392.6,38.87,23.27002,0.35988887173679446,2.876218002864173,4.909065084106581,0.0,0.16920401886538952,0.04207136793666728,2.9110393332891795,0.07176350047207662,0.12668859459308637,0.016733200529314853,2.263808737505528,0.01803227661721966,1.5165750888103409,0.12980754985748644,0.028288018665147917
0.0003,0.0004,642.47,1589.46,1406.96,21.61,553.69,2388.04,9057.46,47.41,522.26,2388.13,8134.57,8.4377,391,38.88,23.4544,642.488,1591.076,1407.02,21.61,553.8340000000001,2388.074,9060.439999999999,47.486000000000004,521.882,2388.0780000000004,8137.742,8.43022,392.8,38.842,23.30746,0.35393502228512286,2.252693942816051,0.7002856559921145,0.0,0.1566205605921228,0.045055521304978634,3.188753675021205,0.061886993787115055,0.2273103605205079,0.033466401061032235,2.4280588954975215,0.018403450763373807,1.0954451150103692,0.10134100848129465,0.08686212062803628
0.0024,0.0004,642.81,1590.55,1405.88,21.61,553.86,2388.08,9063.55,47.4,521.32,2388.05,8142.73,8.4245,393,38.76,23.2646,642.58,1590.662,1406.5500000000002,21.61,553.862,2388.06,9060.460000000001,47.478,521.816,2388.078,8138.353999999999,8.42638,392.8,38.856,23.30434,0.368578349879647,2.081722844184606,0.41611296541868587,0.0,0.14307340773249425,0.018708286935523837,3.2125768473233616,0.07120393247571427,0.3342603775501222,0.033466401061032235,3.273840252670303,0.016822811893376404,1.0954451150103692,0.07700649323274371,0.08835342664548744
-0.0012,0.0004,642.35,1585.32,1400.55,21.61,553.47,2388.06,9058.12,47.58,521.75,2388.09,8142.15,8.4444,391,38.79,23.3034,642.4780000000001,1588.904,1405.3700000000001,21.61,553.77,2388.0620000000004,9060.192,47.482,521.796,2388.0860000000002,8138.682000000001,8.43522,392.4,38.848,23.31658,0.3412770135827386,2.1523080634517497,2.7258301487790533,0.0,0.217140507506567,0.01788854382170435,3.3689419704055332,0.07726577508836721,0.33470882868539775,0.02966479394826594,3.6088599307821014,0.009754844950070384,1.3416407864999005,0.08228000972292908,0.08157163722765068
-0.0015,-0.0004,642.84,1585.23,1400.86,21.61,553.55,2388.1,9055.09,47.36,521.41,2388.06,8137.3,8.4358,391,38.89,23.2724,642.49,1587.846,1404.192,21.61,553.726,2388.066,9058.374,47.456,521.7059999999999,2388.0840000000003,8138.886,8.43356,391.8,38.832,23.3215,0.35531676008874413,2.4402725257640525,3.210057631880753,0.0,0.2383904360502417,0.024083189158786513,3.1224877902047252,0.09396807968669431,0.37165844534998277,0.031304951684876285,3.465101730109024,0.008490170787440942,1.095445115010361,0.05630275304109723,0.07699980519455542
0.0018,0.0004,642.4,1589.0,1404.02,21.61,553.12,2388.1,9058.11,47.24,521.69,2388.06,8136.7,8.425,393,39.07,23.2517,642.574,1587.9119999999998,1403.654,21.61,553.538,2388.076,9058.466,47.398,521.686,2388.0780000000004,8138.69,8.43348,391.8,38.878,23.3093,0.23330237889912617,2.4723814430623094,2.892227515254815,0.0,0.2767128475519174,0.026076809621869187,3.102536059416011,0.1221474518768286,0.3686868590009272,0.03271085446729431,3.5763039579996985,0.008587607350124647,1.095445115010361,0.12111977542912994,0.0833160848816099
0.0008,-0.0001,642.32,1591.47,1400.98,21.61,553.74,2388.03,9066.2,47.5,522.09,2388.1,8135.8,8.3864,393,38.84,23.3497,642.5440000000001,1588.3139999999999,1402.458,21.61,553.548,2388.074,9060.214000000002,47.416,521.6519999999999,2388.072,8138.936,8.42322,392.2,38.87,23.28836,0.25832150510551105,2.9114309196680774,2.373208798230748,0.0,0.28437651098549765,0.029664793949230425,4.528468836147219,0.1306904740216474,0.30482782025264904,0.021679483387842778,3.249419948237561,0.02217751113177457,1.095445115010361,0.122270192606389,0.03921738135061773
-0.0032,0.0003,642.98,1592.16,1402.62,21.61,552.72,2388.13,9059.4,47.52,521.62,2388.09,8141.62,8.3956,392,38.81,23.3342,642.5780000000001,1588.636,1401.806,21.61,553.3199999999999,2388.084,9059.384,47.44,521.7120000000001,2388.0800000000004,8138.714,8.417440000000001,392.0,38.88,23.302280000000003,0.30841530441922066,3.285548660421827,1.4764078027432865,0.0,0.4036706578392184,0.03911521443181902,4.1266608777519975,0.1378404875209167,0.2472245942457683,0.018708286933613174,2.949488091178539,0.025305888642764646,1.0000000000000302,0.1126942766958576,0.04098764447976474
-0.0018,-0.0002,642.45,1589.14,1401.31,21.61,553.42,2388.12,9059.39,47.56,521.56,2388.12,8139.12,8.4293,393,38.83,23.3494,642.598,1589.4,1401.9579999999999,21.61,553.3100000000001,2388.0960000000005,9059.638,47.436,521.674,2388.0860000000002,8138.108,8.414420000000002,392.4,38.888000000000005,23.311479999999996,0.29277978072265687,2.7165695279156807,1.348339719803909,0.0,0.3996248240541956,0.03911521443174055,4.068079399417636,0.1329661611087725,0.2544209110902381,0.026076809620912588,2.30870526486233,0.02196456236759588,0.894427190999952,0.1059245014149309,0.04614051365123101
0.0014,-0.0004,642.28,1589.21,1401.74,21.61,553.6,2388.06,9061.84,47.5,521.88,2388.07,8141.83,8.4364,392,38.91,23.3684,642.4860000000001,1590.1960000000001,1402.134,21.61,553.3199999999999,2388.088,9060.988000000001,47.464,521.768,2388.0879999999997,8139.014,8.41454,392.6,38.892,23.33068,0.2840422503782898,1.4998433251510943,1.220565442735612,0.0,0.40767634221322296,0.04207136793647001,3.211272333507714,0.12759310326191214,0.21649480363274715,0.023874672772842234,2.7575677688869855,0.022111716351292596,0.5477225575052381,0.10639548862616914,0.045785445285584245
0.0038,0.0001,642.17,1582.52,1409.92,21.61,553.48,2388.08,9060.84,47.3,521.68,2388.03,8139.09,8.4068,392,38.83,23.3948,642.4399999999999,1588.9,1403.3139999999999,21.61,553.392,2388.084,9061.534,47.476,521.766,2388.082,8139.492,8.4109,392.4,38.844,23.3593,0.31804087787570445,3.810859483108761,3.743725417281251,0.0,0.39512023486569603,0.04159326868673913,2.8061325699165587,0.10139033484512211,0.21743964679879543,0.034205262752924195,2.4456839534177575,0.021447377462058548,0.5477225575052381,0.038470768123418056,0.023255321971516738
-0.0024,0.0003,642.43,1589.66,1414.22,21.61,553.74,2388.12,9052.84,47.49,521.97,2388.07,8136.73,8.4594,394,38.94,23.3194,642.462,1588.538,1405.962,21.61,553.392,2388.102,9058.862000000001,47.474000000000004,521.742,2388.076,8139.678,8.4255,392.6,38.864,23.35324,0.31140006422600924,3.5849714085331073,5.798613627410579,0.0,0.39512023486569603,0.03033150177717001,3.5218489462178275,0.10089598604506479,0.1752712184015968,0.03286335345014891,2.1065540581732707,0.02513045960582595,0.894427190999952,0.05727128425314082,0.02949352471304444
0.0035,-0.0001,642.8,1584.26,1404.89,21.61,553.85,2388.06,9053.29,47.39,521.53,2388.13,8139.15,8.4262,393,38.84,23.3357,642.4259999999999,1586.958,1406.416,21.61,553.618,2388.088,9057.640000000001,47.448,521.7239999999999,2388.0840000000003,8139.183999999999,8.43162,392.8,38.87,23.35354,0.2383904360496263,3.320710767290471,5.555297471782262,0.0,0.17838161340297953,0.03033150177705194,4.269221240459288,0.10281050529982334,0.1944993573253637,0.04098780306388317,1.8053753072437253,0.01900899786943168,0.8366600265341112,0.051478150704969784,0.02925812707606133
0.001,0.0005,642.66,1589.98,1405.99,21.61,553.94,2388.16,9054.68,47.58,521.79,2388.07,8136.12,8.4407,393,38.96,23.1309,642.4680000000001,1587.126,1407.352,21.61,553.722,2388.096,9056.698,47.452,521.7699999999999,2388.074,8138.584,8.433900000000001,392.8,38.896,23.30984,0.2610938528574391,3.47630263354598,4.826361983936581,0.0,0.1855262784626541,0.04335896677788714,4.306021365483641,0.10848963084094707,0.17190113437666488,0.035777087639880155,2.270546189797524,0.0193419233790248,0.8366600265341112,0.05856620185739884,0.10419588763477902
-0.0,-0.0003,642.62,1586.82,1411.63,21.61,553.22,2388.08,9060.38,47.5,521.83,2388.03,8141.68,8.3967,394,38.87,23.3216,642.536,1586.648,1409.3300000000002,21.61,553.646,2388.1,9056.405999999999,47.452,521.76,2388.0660000000003,8138.554000000001,8.42596,393.2,38.888,23.30048,0.24357750306618728,3.2766934552989033,3.886495851018555,0.0,0.29407482041180527,0.040000000000561906,3.9005743166876155,0.10848963084094707,0.1652271164185304,0.04098780306354617,2.2173024150991183,0.025292350622273446,0.8366600265341112,0.058906705900111954,0.09962192027861923
-0.0008,0.0004,642.69,1584.9,1416.14,21.61,552.96,2388.06,9065.43,47.39,521.61,2388.06,8137.65,8.4295,391,38.88,23.2741,642.6400000000001,1587.124,1410.574,21.61,553.542,2388.096,9057.324,47.47,521.7459999999999,2388.072,8138.2660000000005,8.4305,393.0,38.898,23.276339999999998,0.13509256086093077,2.637665634609239,4.9676382718533665,0.0,0.4286257108483641,0.04335896677788714,5.440967744803346,0.08093207028122677,0.17629520696824053,0.03633180424905107,2.223787309974588,0.022919314998491095,1.2247448713916151,0.05019960159205798,0.08453409371371881
0.0022,0.0001,642.57,1592.55,1404.1,21.61,553.9,2388.09,9062.88,47.46,522.14,2388.05,8145.48,8.4095,394,38.87,23.2831,642.668,1587.702,1408.55,21.61,553.5740000000001,2388.09,9059.331999999999,47.464000000000006,521.78,2388.068,8140.0160000000005,8.42052,393.0,38.884,23.26908,0.0864291617450779,3.506026240631783,5.168321777906816,0.0,0.45241573801122886,0.041231056256762266,5.220610117597401,0.08018728078695013,0.2364318083506976,0.0376828873625906,3.6793654344198754,0.017385108570267416,1.2247448713916151,0.04505552130430549,0.08141260344688554
0.003,0.0003,642.98,1588.48,1401.65,21.61,553.83,2388.11,9058.09,47.45,522.05,2388.11,8141.28,8.4395,393,38.84,23.3954,642.7040000000001,1588.5459999999998,1407.902,21.61,553.5699999999999,2388.1,9060.292,47.476,521.8839999999999,2388.064,8140.442,8.423179999999999,393.0,38.884,23.28102,0.1607171428316465,2.931088534998397,5.894087715667878,0.0,0.4494441010851635,0.03807886552987755,4.166769732052603,0.07021395872620798,0.2120848886649017,0.02966479394801778,3.67733871162333,0.019375035483838846,1.2247448713916151,0.04505552130430549,0.09658901076209178
-0.002,0.0001,642.28,1583.99,1406.28,21.61,553.27,2388.03,9063.01,47.31,521.22,2388.06,8139.37,8.4114,392,39.04,23.0737,642.628,1587.348,1407.96,21.61,553.4359999999999,2388.0739999999996,9061.957999999999,47.422000000000004,521.7700000000001,2388.0620000000004,8141.092,8.41732,392.8,38.9,23.26958,0.25113741258514066,3.387103482327988,5.871954529795587,0.0,0.4096705993847902,0.0304959013650892,2.8045980103980206,0.07395944834842608,0.36979724174198936,0.02949576240703935,2.9346328560832178,0.017041772208311164,1.3038404810405553,0.07968688725255409,0.11948739264039475
0.0014,-0.0004,643.02,1592.82,1408.71,21.6,553.75,2388.06,9061.3,47.54,521.9,2388.12,8136.67,8.4304,393,39.03,23.3246,642.708,1588.5480000000002,1407.376,21.607999999999997,553.542,2388.07,9062.142,47.43000000000001,521.784,2388.08,8140.089999999999,8.42406,392.6,38.932,23.27018,0.30572863784732307,4.133820267016865,5.552200464679549,0.0044721359549988885,0.40837482782396384,0.030822070016068178,2.703547669253417,0.08573214099743443,0.37393849761689485,0.03240370349231184,3.4869972755943914,0.013042737442731241,1.1401754250991678,0.0952365476064662,0.11982097896445269
0.0012,0.0002,642.5,1592.76,1406.07,21.61,553.1,2388.08,9059.14,47.49,522.56,2388.09,8142.32,8.4232,391,38.8,23.3588,642.67,1590.1200000000001,1405.3619999999999,21.607999999999997,553.57,2388.074,9060.884,47.45,521.9739999999999,2388.0860000000002,8141.023999999999,8.422799999999999,392.6,38.916,23.287119999999998,0.3199999999999494,3.8868689198378625,2.642190379210142,0.0044721359549988885,0.3604857833538648,0.0304959013650892,2.209350583304506,0.08573214099744178,0.48752435836579405,0.030495901364493032,3.2899133727198757,0.012685227629018152,1.1401754250991678,0.11148990985734968,0.1263245700566575
0.0031,0.0001,642.66,1600.61,1402.94,21.61,553.96,2388.07,9066.91,47.48,522.08,2388.05,8143.88,8.4307,393,39.06,23.3176,642.6879999999999,1591.732,1405.1299999999999,21.607999999999997,553.582,2388.07,9061.689999999999,47.45399999999999,521.962,2388.0860000000002,8140.704000000001,8.42704,392.4,38.95399999999999,23.294019999999996,0.3154679064500506,6.155759092102538,2.8252875959786747,0.0044721359549988885,0.3749266594952452,0.029154759475479006,3.4858786553654983,0.08677557259969798,0.4831355917338144,0.030495901364493032,2.787602912898903,0.010479646940620419,0.8944271909999619,0.12361229712289055,0.12699055870417766
-0.0,0.0003,642.56,1584.82,1411.75,21.61,553.61,2388.09,9056.21,47.52,522.11,2388.05,8136.65,8.4454,395,38.93,23.2763,642.604,1591.0,1407.15,21.607999999999997,553.538,2388.066,9061.313999999998,47.468,521.9739999999999,2388.074,8139.778,8.42822,392.8,38.971999999999994,23.2702,0.27107194616917457,6.820824730192272,3.2878944630245246,0.0044721359549988885,0.3506707857810058,0.023021728868135315,4.030165009021639,0.09148770409189767,0.48660045211651065,0.03049590136384437,3.274854195228488,0.012391206559494567,1.4832396974191564,0.10848963084091022,0.11369426106888542
-0.0017,0.0003,642.63,1592.28,1406.52,21.61,552.71,2388.1,9063.28,47.31,521.56,2388.09,8131.94,8.421,393,38.72,23.3293,642.674,1592.658,1407.1979999999999,21.607999999999997,553.426,2388.08,9061.368,47.468,522.042,2388.0800000000004,8138.2919999999995,8.43014,393.0,38.908,23.321319999999996,0.20317480158714102,5.586771876495808,3.2737394520620033,0.0044721359549988885,0.5106172735036394,0.015811388302750903,4.060267232577402,0.09148770409189767,0.3629325006114027,0.03000000000018998,4.825077201455862,0.009551858457917797,1.414213562373119,0.14618481453283938,0.029664069174650094
0.0044,-0.0004,643.08,1584.29,1411.93,21.61,553.32,2388.02,9064.4,47.51,521.68,2388.09,8140.8,8.4681,392,38.95,23.2886,642.6859999999999,1590.9519999999998,1407.842,21.61,553.34,2388.072,9061.988000000001,47.462,521.998,2388.074,8139.118,8.437679999999999,392.8,38.892,23.314119999999996,0.2288667734731317,6.713662934643249,3.9019700152597303,0.0,0.47754580932129376,0.031144823005936465,4.278126926580169,0.0864291617453631,0.39625749204277916,0.021908902300204012,4.8314925230211,0.019503768866559842,1.4832396974191564,0.1333041634758701,0.03286513350039257
0.0031,-0.0004,642.88,1587.82,1405.54,21.61,553.73,2388.07,9058.37,47.4,521.79,2388.12,8136.97,8.4062,394,38.78,23.3855,642.762,1589.964,1407.7359999999999,21.61,553.4660000000001,2388.07,9061.833999999999,47.444,521.844,2388.0800000000004,8138.048000000001,8.43428,393.4,38.888000000000005,23.31946,0.214289523775799,6.744496274741486,3.9687693306598475,0.0,0.4814872791676393,0.03082207001604697,4.4178535512089825,0.08848728722254177,0.24337214302379212,0.03000000000018998,4.527965326723569,0.023691285317604685,1.1401754250991678,0.13700364958643116,0.042651764324568464
0.0044,-0.0,642.66,1589.43,1397.28,21.61,553.26,2388.11,9049.26,47.37,521.54,2388.1,8137.97,8.4194,392,38.66,23.2094,642.762,1587.7279999999998,1406.604,21.61,553.326,2388.078,9058.304,47.422000000000004,521.736,2388.09,8136.866,8.43202,393.2,38.808,23.29782,0.214289523775799,3.312939782127211,5.977535445314265,0.0,0.3961439132440784,0.0356370593633531,6.084918241026917,0.09093954035513362,0.23201293067399534,0.025495097568742638,3.202269507710565,0.02463822233847488,1.3038404810405553,0.12794530081252364,0.06527822761073623
-0.0008,-0.0002,642.6,1590.1,1405.39,21.61,553.29,2388.06,9062.03,47.38,521.72,2388.09,8136.75,8.4455,393,38.96,23.3754,642.7700000000001,1588.784,1405.3319999999999,21.61,553.2620000000001,2388.072,9059.467999999999,47.394,521.6579999999999,2388.098,8136.886,8.432039999999999,392.8,38.814,23.31764,0.20542638584188241,2.978947800818469,5.23990171663466,0.0,0.36327675400494636,0.03563705936345837,6.140616418566268,0.07300684899377949,0.106395488625633,0.013038404812999074,3.2008951872894493,0.024651835631451957,0.8366600265341112,0.13557285864068383,0.07182682646475916
0.0005,0.0003,642.65,1588.92,1406.4,21.61,553.89,2388.06,9054.35,47.45,522.16,2388.09,8140.15,8.4686,393,38.71,23.2708,642.774,1588.112,1405.308,21.61,553.498,2388.064,9057.682,47.422000000000004,521.7779999999999,2388.098,8138.528,8.441559999999999,392.8,38.812,23.30594,0.20218803129775575,2.293200819815196,5.233370806659025,0.0,0.29115288080357493,0.03209361307309705,6.052732440806327,0.05805170109482371,0.23220680437906063,0.013038404812999074,1.8501945843640006,0.028250893791175465,0.8366600265341112,0.1373681185719845,0.07417875706695834
0.0022,-0.0003,641.94,1583.23,1401.29,21.61,553.51,2388.03,9054.17,47.33,521.75,2388.13,8140.66,8.4204,392,38.83,23.4356,642.546,1587.9,1403.18,21.61,553.536,2388.066,9055.636000000002,47.386,521.792,2388.106,8138.5,8.43202,392.8,38.788,23.335340000000002,0.3554996483822836,2.7402828321180484,3.8472132771650815,0.0,0.27400729917321404,0.02880972058315252,4.81700944570614,0.04393176527297921,0.2268700068319728,0.018165902127127005,1.8077887044700893,0.024903654350318404,0.8366600265341112,0.11606032913966809,0.09246511774717216
-0.0033,0.0003,642.73,1584.78,1413.55,21.61,553.3,2388.09,9057.95,47.38,521.9,2388.08,8139.34,8.4272,394,39.03,23.3539,642.516,1587.2920000000001,1404.782,21.61,553.45,2388.07,9055.552,47.382000000000005,521.814,2388.098,8138.974,8.43622,392.8,38.838,23.32902,0.3253152317367176,3.0788098349850697,6.0897348053910925,0.0,0.26523574419799906,0.03082207001606172,4.760747840415795,0.04324349662087722,0.2319051530258588,0.01923538406355302,1.6057490463986,0.02091128881729195,0.8366600265341112,0.15801898620104057,0.08920191701975064
-0.0001,0.0002,643.38,1588.8,1410.71,21.61,553.93,2388.07,9070.51,47.42,521.72,2388.08,8142.93,8.4459,393,38.99,23.3445,642.6600000000001,1587.166,1407.468,21.61,553.584,2388.0620000000004,9059.802,47.392,521.85,2388.094,8139.966,8.44152,393.0,38.903999999999996,23.35604,0.511224021344822,2.9807683573200787,4.7730409593869565,0.0,0.31061229853332395,0.021679483390649183,6.791518239684521,0.045497252664315924,0.1886796226410124,0.020736441354882784,2.238041554576212,0.018837913897251424,0.7071067811865878,0.13183322798141428,0.059388997297461485
0.0005,0.0001,642.94,1585.75,1410.18,21.61,553.74,2388.11,9057.13,47.36,521.13,2388.08,8146.62,8.4347,392,39.02,23.3679,642.728,1586.2959999999998,1408.426,21.61,553.674,2388.072,9058.822,47.388,521.732,2388.092,8141.94,8.43936,392.8,38.916000000000004,23.354539999999997,0.5237079338715451,2.5075944648209387,4.73222252223874,0.0,0.26613906139475835,0.030331501777388335,6.743005264715439,0.047644516998289824,0.37890632087621484,0.0216794833900885,2.9361965193099153,0.018886582538941123,0.8366600265341112,0.1406413879339887,0.05887022167444179
-0.0038,-0.0002,642.93,1587.59,1414.7,21.61,553.12,2388.13,9059.63,47.53,521.86,2388.12,8141.28,8.4582,392,38.72,23.3774,642.784,1586.03,1410.086,21.61,553.52,2388.0860000000002,9059.878,47.403999999999996,521.672,2388.098,8142.166,8.43728,392.6,38.918,23.37586,0.5282329031781497,2.212882735257398,5.26915837681695,0.0,0.32596012026043725,0.038470768124020636,6.264001915705918,0.07765307463327921,0.31204166388473314,0.024899799197463043,2.804510652503752,0.015042838827834594,0.894427190999952,0.13700364958642128,0.03570816433251086
0.0001,0.0004,642.11,1590.13,1410.65,21.61,553.83,2388.11,9058.12,47.7,521.31,2388.09,8140.9,8.4442,392,38.85,23.2702,642.818,1587.41,1411.958,21.61,553.5840000000001,2388.102,9060.668,47.478,521.584,2388.0899999999997,8142.214,8.44204,392.6,38.922000000000004,23.34278,0.4615950606321997,2.181478856189165,2.0299433489572016,0.0,0.35373719058102593,0.022803508502681185,5.575385188483254,0.1404279174523649,0.3448622913569556,0.017320508077211114,2.7741809602127687,0.011777223781532184,0.894427190999952,0.13405222862749575,0.04249714108029162
-0.0049,-0.0004,642.61,1588.16,1404.23,21.61,553.76,2388.11,9068.76,47.42,521.69,2388.04,8143.31,8.4496,393,38.97,23.3659,642.7940000000001,1588.086,1410.0939999999998,21.61,553.676,2388.106,9062.83,47.486000000000004,521.542,2388.082,8143.008,8.44652,392.4,38.910000000000004,23.34518,0.4703509328151002,1.6121507373692479,3.7515903294443356,0.0,0.319577846541456,0.02190890230079255,6.305977323137988,0.13446189051180596,0.3075223569108142,0.028635642127124494,2.267899909609659,0.00853504540118897,0.5477225575052381,0.12429802894655748,0.04360650180876875
-0.0006,0.0006,642.82,1592.24,1403.73,21.61,553.32,2388.08,9061.94,47.35,521.91,2388.1,8141.92,8.4482,393,38.78,23.384,642.682,1588.7740000000001,1408.698,21.61,553.554,2388.108,9061.116,47.472,521.5799999999999,2388.0860000000002,8142.806,8.44698,392.4,38.867999999999995,23.35308,0.3462224718298902,2.4887406453867595,4.654961868800173,0.0,0.3147697571244746,0.017888543820743105,4.641716277407913,0.14618481453286356,0.34452866353898487,0.029664793949108096,2.3209437735558454,0.00855523231714754,0.5477225575052381,0.1259761882261991,0.04690572459730245
0.0008,0.0004,642.53,1581.3,1404.73,21.61,554.19,2388.04,9057.46,47.45,521.19,2388.06,8142.12,8.3984,393,38.83,23.228,642.6,1587.884,1407.6080000000002,21.61,553.644,2388.094,9061.182,47.489999999999995,521.592,2388.082,8141.906,8.43972,392.6,38.83,23.325100000000003,0.31717503054302526,4.10885993920465,4.854968588980396,0.0,0.42594600596803045,0.03507135583432668,4.572703795343784,0.13397761006977685,0.3254535297088476,0.031937438845865626,0.9248134947161976,0.023656119715629767,0.5477225575052381,0.09300537618872412,0.07125931518053343
0.0018,-0.0001,642.21,1590.6,1411.17,21.61,553.47,2388.11,9051.49,47.5,521.02,2388.09,8131.6,8.4277,393,38.83,23.2863,642.456,1588.486,1406.902,21.61,553.714,2388.09,9059.554,47.484,521.424,2388.076,8139.969999999999,8.433620000000001,392.8,38.852,23.30688,0.29236962906558195,4.272268718140306,3.6804238886286065,0.0,0.3379792893063593,0.0308220700159483,6.3622464585999365,0.13240090634134138,0.3667151483100296,0.025099800796453887,4.756637467792981,0.021536991433347887,0.4472135955000406,0.07085195833570004,0.06599596199767835
-0.0024,0.0005,642.63,1595.96,1402.54,21.61,552.91,2388.16,9059.62,47.46,521.46,2388.13,8136.94,8.4491,393,38.86,23.317,642.5600000000001,1589.652,1405.28,21.61,553.53,2388.1,9059.854000000001,47.436,521.4540000000001,2388.084,8139.178,8.4346,393.0,38.854,23.31624,0.22271057451313353,5.462812462459201,3.3914303766984157,0.0,0.479739512652681,0.04415880433209918,6.3128979082482655,0.05594640292283545,0.36115093797472814,0.03507135583412921,4.890860864920865,0.02223881741460462,0.0,0.07092249290601377,0.0627311963858395
-0.0008,0.0004,642.07,1589.51,1409.91,21.61,553.77,2388.04,9057.98,47.43,521.88,2388.1,8139.66,8.3989,392,38.94,23.3321,642.452,1589.922,1406.4160000000002,21.61,553.532,2388.0860000000002,9057.698,47.438,521.492,2388.096,8138.447999999999,8.42446,392.8,38.848,23.30948,0.30727837541866404,5.4036765262180015,3.869403054734647,0.0,0.4809573785692782,0.05079370039743204,3.884716205848388,0.05540758070882046,0.4000874904317682,0.025099800797581708,4.36395692004569,0.025068167065022934,0.4472135955000406,0.05890670590012792,0.05765793093754671
-0.001,0.0005,642.65,1581.19,1407.07,21.61,553.33,2388.08,9052.17,47.54,521.47,2388.14,8136.0,8.4151,392,38.76,23.1893,642.418,1587.712,1407.084,21.61,553.534,2388.0860000000002,9055.744,47.476,521.4040000000001,2388.1040000000003,8137.264,8.417840000000002,392.6,38.843999999999994,23.27054,0.26252618916959736,6.38852643416307,3.5661996578974624,0.0,0.47987498371996384,0.05079370039743204,3.6687095824006355,0.04393176527306546,0.3268485887992563,0.03209361307330545,3.9719365553864066,0.02132224190838637,0.5477225575052381,0.06503845016607313,0.06042791573436624
-0.0026,0.0005,642.52,1593.95,1410.48,21.61,553.8,2388.1,9062.97,47.51,521.96,2388.08,8138.79,8.4927,392,38.8,23.2383,642.4159999999999,1590.242,1408.234,21.61,553.456,2388.098,9056.846,47.488,521.558,2388.1079999999997,8136.598,8.436699999999998,392.4,38.838,23.2726,0.26149569786118815,5.6799533448787125,3.544365951758442,0.0,0.36438990106792496,0.04381780460091116,4.9253456731464995,0.04324349662098172,0.3781798513934189,0.025884358213252565,3.147827822485757,0.03628415632201138,0.5477225575052381,0.06797058187190595,0.058767933433120575
-0.0007,-0.0001,642.52,1582.36,1407.68,21.61,553.15,2388.08,9061.37,47.6,521.48,2388.09,8138.05,8.4079,393,38.85,23.2926,642.478,1588.5939999999998,1407.536,21.61,553.392,2388.0919999999996,9058.822,47.508,521.6500000000001,2388.1079999999997,8137.888000000001,8.432739999999999,392.4,38.842,23.27386,0.23594490882390273,6.660813013439095,3.1424878679139954,0.0,0.38861291795353686,0.04381780460094619,4.162123256218783,0.06685805860186642,0.24819347291953617,0.025884358213252565,1.4528489253933885,0.03852334357243776,0.5477225575052381,0.06797058187190282,0.059201038842233586
0.0015,0.0005,641.88,1590.35,1413.17,21.61,552.89,2388.12,9055.56,47.51,521.62,2388.09,8143.84,8.3939,394,38.89,23.2822,642.328,1587.472,1409.6619999999998,21.61,553.388,2388.084,9058.009999999998,47.518,521.682,2388.1,8139.267999999999,8.421700000000001,392.6,38.848,23.2669,0.3334216549654605,5.477154370656309,2.4332837894459547,0.0,0.3948670662392073,0.029664793949243835,4.35890467892667,0.06140032573212814,0.22698017534542095,0.023452078801152826,2.8917416897117327,0.04052061203881139,0.894427190999952,0.0712039324757029,0.054738788806474356
-0.0005,0.0004,642.59,1595.21,1409.69,21.61,553.73,2388.13,9066.29,47.43,521.86,2388.06,8141.05,8.4275,393,38.93,23.2474,642.432,1588.612,1409.618,21.61,553.38,2388.102,9059.672,47.517999999999994,521.6780000000001,2388.0919999999996,8139.546,8.42742,392.8,38.846,23.249959999999998,0.31332092173988496,6.504269367115677,2.4296645859008157,0.0,0.38548670534841767,0.02280350850287313,5.71722135306547,0.06140032573212814,0.2227554713129273,0.029495762409006032,3.0035029548873275,0.03846390515795245,0.8366600265341112,0.06804410334485154,0.0408648137154719
0.0003,0.0003,642.6,1590.83,1409.41,21.61,553.78,2388.12,9063.66,47.51,521.5,2388.06,8137.07,8.4787,391,38.88,23.2615,642.422,1590.54,1410.086,21.61,553.47,2388.11,9061.970000000001,47.512,521.684,2388.076,8139.76,8.44014,392.6,38.870000000000005,23.264400000000002,0.30531950478135644,5.0117262495071495,2.004302871319332,0.0,0.42172265767955824,0.020000000000771945,3.998956113776751,0.06016643582605629,0.21605554841254854,0.015165750890625553,2.7116231301596936,0.04355098161924932,1.1401754250991678,0.04847679857418794,0.022862086518948128
0.0031,0.0005,642.65,1584.56,1412.65,21.61,553.94,2388.09,9062.94,47.52,522.17,2388.18,8144.35,8.4489,392,38.85,23.332,642.4480000000001,1588.6619999999998,1410.52,21.61,553.4979999999999,2388.108,9061.964000000002,47.513999999999996,521.726,2388.096,8140.872,8.431379999999999,392.6,38.88,23.283139999999996,0.3208893890422863,5.171254199901607,2.3208834524761315,0.0,0.45262567315643126,0.021679483389414226,3.9971027006962205,0.06024948132566056,0.29065443399301705,0.04929503017640796,3.2922666963684444,0.0336052376870043,1.1401754250991678,0.033166247903573226,0.032493507043706585
0.0002,-0.0003,642.63,1591.24,1408.77,21.61,553.7,2388.04,9052.23,47.43,521.77,2388.06,8139.36,8.4274,395,38.93,23.2825,642.47,1590.4379999999999,1410.738,21.61,553.6080000000001,2388.1,9060.136,47.48,521.784,2388.09,8141.134,8.43528,393.0,38.896,23.281119999999998,0.3306811152756339,3.812068992030224,2.0189898464273757,0.0,0.4119101843851773,0.03674234614227585,5.949733607477205,0.0458257569496482,0.25618352796336846,0.05196152422792011,3.0551317483894316,0.03124791193024146,1.5811388300842122,0.03435112807462629,0.032069565011073345
0.0044,0.0,642.5,1595.9,1408.5,21.61,553.46,2388.11,9060.36,47.66,521.34,2388.16,8141.23,8.4498,393,38.84,23.2956,642.594,1591.548,1409.804,21.61,553.722,2388.098,9061.096000000001,47.51,521.728,2388.1040000000003,8140.611999999999,8.446459999999998,392.8,38.886,23.2838,0.05770615218472458,4.521965280715606,1.6611381640247507,0.0,0.17326280616491246,0.03563705936300219,5.387479002272557,0.09407443861118851,0.3229086558142899,0.06066300355316839,2.6767368193412135,0.021090827390132745,1.4832396974191564,0.042778499272421895,0.0327353784153994
0.0031,0.0003,643.37,1594.71,1411.91,21.61,553.48,2388.12,9058.07,47.52,520.87,2388.08,8142.15,8.4405,393,38.76,23.3299,642.75,1591.4479999999999,1410.248,21.61,553.672,2388.096,9059.452000000001,47.528000000000006,521.53,2388.1079999999997,8140.831999999999,8.44906,392.8,38.852000000000004,23.3003,0.3513545218152482,4.425231067413021,1.9022407839120268,0.0,0.20376457003162343,0.03361547262854678,4.603397658246812,0.08288546314047886,0.48471641193582776,0.05761944116435432,2.7654692187794034,0.018851604706242763,1.4832396974191564,0.062209324060024544,0.03051810937785812
0.0036,0.0004,641.62,1592.13,1409.83,21.61,553.9,2388.11,9065.92,47.34,521.1,2388.05,8138.77,8.4315,393,38.82,23.321,642.554,1591.708,1410.3319999999999,21.61,553.6960000000001,2388.094,9059.903999999999,47.494,521.45,2388.1059999999998,8141.1720000000005,8.43962,393.2,38.839999999999996,23.3122,0.6237226947931276,4.418027840563823,1.8648914177447538,0.0,0.22556595487829278,0.03209361307246828,5.1930559403826,0.11907980517287096,0.5224461694758558,0.05983310120731831,2.2423469847494175,0.010072090150522631,1.095445115010361,0.061237243569634524,0.022025099318700926
0.0047,-0.0001,642.85,1596.16,1401.88,21.61,553.07,2388.08,9055.65,47.6,521.46,2388.11,8143.02,8.4145,393,38.83,23.2673,642.5939999999999,1594.0279999999998,1408.178,21.61,553.522,2388.0919999999996,9058.446,47.51,521.308,2388.0919999999996,8140.906,8.43274,393.4,38.836,23.29926,0.6376754660483739,2.229926007739583,3.76748855339772,0.0,0.3100322563867377,0.03271085446834102,5.150769845369741,0.12845232578669089,0.34375863625531083,0.044384682043299886,1.8079076303878794,0.013360501487598197,0.894427190999952,0.06107372593846923,0.02611116619377647
0.0035,0.0002,642.17,1594.05,1404.28,21.61,553.45,2388.07,9060.47,47.45,521.62,2388.11,8147.53,8.4803,393,38.92,23.1655,642.5020000000001,1594.59,1407.28,21.61,553.472,2388.0980000000004,9060.094000000001,47.514,521.278,2388.102,8142.539999999999,8.44332,393.0,38.833999999999996,23.27586,0.6638297974631795,1.6231604972991587,4.110589981983769,0.0,0.29388773366760096,0.021679483389534834,3.8078904921148733,0.12561846997957876,0.29668164756204946,0.040865633484566496,3.209813078671355,0.024432396525931283,0.0,0.05727128425317217,0.06633289530843227
-0.0053,0.0002,642.27,1596.6,1412.89,21.61,552.64,2388.09,9065.57,47.6,521.46,2388.12,8142.34,8.4402,394,38.67,23.3425,642.456,1594.73,1408.158,21.61,553.308,2388.094,9061.136,47.502,521.302,2388.094,8142.762,8.4414,393.2,38.8,23.285239999999998,0.6719226145918885,1.7863790191312023,4.840379117381547,0.0,0.47515260706468854,0.020736441354257337,4.5411210069676295,0.11009087155622647,0.3076036410709734,0.028809720583298847,3.1340500953253416,0.02417167764141115,0.4472135955000207,0.09246621004459418,0.07282086239532767
-0.0041,0.0001,643.18,1595.74,1415.59,21.61,554.52,2388.07,9063.72,47.36,521.33,2388.1,8142.59,8.4571,394,38.94,23.3448,642.4179999999999,1594.9360000000001,1408.894,21.61,553.516,2388.0840000000003,9062.266,47.470000000000006,521.394,2388.098,8142.85,8.44472,393.4,38.836,23.288220000000003,0.6098114462684084,1.8420179152201381,5.748167534091307,0.0,0.7290610399686756,0.016733200531919814,4.283086503901751,0.12569805089979452,0.19385561637482301,0.02774887385274671,3.1187096690792604,0.025137859893005668,0.5477225575052219,0.10691117808726609,0.07536575482272558
-0.0028,0.0005,642.64,1578.65,1398.64,21.61,553.31,2388.13,9062.59,47.69,521.87,2388.11,8139.28,8.4375,393,38.67,23.2359,642.622,1592.2400000000002,1406.6560000000002,21.61,553.398,2388.088,9061.6,47.54,521.548,2388.11,8142.952,8.445920000000001,393.4,38.806,23.2712,0.4158966217703998,7.658168841178314,7.269644420464224,0.0,0.6984769144361964,0.024899799196793786,3.8050886980349716,0.1324764129949653,0.20729206448866866,0.007071067821036756,2.956005751010933,0.02448370886937709,0.5477225575052219,0.1308816259068097,0.07572060485759192
0.0012,-0.0003,642.79,1585.53,1402.73,21.61,553.55,2388.1,9069.68,47.59,521.51,2388.13,8142.28,8.4785,393,38.87,23.172,642.61,1590.114,1406.826,21.61,553.494,2388.092,9064.405999999999,47.538,521.558,2388.114,8142.803999999999,8.45872,393.4,38.814,23.25214,0.4084727653100226,7.772524043063295,7.138797517788708,0.0,0.6747073439649431,0.024899799196752694,3.479601988715447,0.13141537200804385,0.20315019074559254,0.011401754257131452,2.970240730986269,0.02032761668274794,0.5477225575052219,0.13390294993019813,0.08795375489426303
-0.0044,0.0005,642.32,1593.73,1408.52,21.61,553.35,2388.07,9062.16,47.49,521.58,2388.05,8141.05,8.4535,392,38.75,23.397,642.64,1590.05,1407.6740000000002,21.61,553.4739999999999,2388.0919999999996,9064.744,47.546,521.55,2388.102,8141.508,8.45336,393.2,38.78,23.298440000000003,0.3719542982679628,7.7332302435655755,7.011449921377472,0.0,0.6778126584833353,0.024899799196752694,3.058256038964936,0.12581732790046576,0.20087309426594613,0.031144823006488864,1.3813652666877165,0.016361173552059575,0.8366600265341112,0.12124355652987341,0.09179179157200627
0.0001,-0.0003,642.62,1587.96,1408.64,21.61,553.85,2388.11,9061.0,47.47,520.61,2388.05,8136.39,8.4432,394,38.74,23.1707,642.71,1588.322,1406.824,21.61,553.716,2388.096,9063.829999999998,47.519999999999996,521.38,2388.088,8140.317999999999,8.45396,393.2,38.794000000000004,23.26408,0.3132091952673339,6.814453022803778,6.456696523763981,0.0,0.49767459247988044,0.02607680962155637,3.4121107836468236,0.125299640861462,0.4723346271448423,0.036331804250182245,2.5521500739598557,0.01580341735197294,0.8366600265341112,0.1087658034494812,0.10268411269519634
0.0004,-0.0004,643.15,1594.27,1405.51,21.61,553.24,2388.14,9057.27,47.49,521.78,2388.09,8135.97,8.4254,392,38.81,23.295,642.704,1588.028,1404.808,21.61,553.46,2388.1099999999997,9062.539999999999,47.54600000000001,521.47,2388.0860000000002,8138.994000000001,8.447619999999999,392.8,38.76800000000001,23.25412,0.30204304329021336,6.435582335733111,4.222507548837573,0.0,0.24657656011926357,0.027386127875959874,4.507521491895221,0.09316651759088887,0.5023445033042576,0.03577708764098756,2.7853240386025653,0.020023910706964985,0.8366600265341112,0.07563068160485177,0.09502687514593015
-0.0007,-0.0001,642.4,1589.6,1403.58,21.61,553.48,2388.09,9067.94,47.5,521.17,2388.12,8143.65,8.4229,392,38.61,23.238,642.6560000000001,1590.2179999999998,1405.7959999999998,21.61,553.494,2388.102,9063.61,47.508,521.33,2388.088,8139.8679999999995,8.444700000000001,392.6,38.756,23.25454,0.33231009614516566,3.7486891042066808,2.734104972379163,0.0,0.23201293067458656,0.02588435821179732,5.116248625690756,0.04711687595767332,0.4586392918188515,0.037682887363780025,3.493181930563021,0.02274785704193797,0.894427190999952,0.09685040010250798,0.0949308063802272
0.0009,-0.0001,642.78,1588.85,1409.73,21.61,553.15,2388.08,9059.76,47.55,521.52,2388.1,8136.96,8.4585,393,38.63,23.2052,642.6539999999999,1590.882,1407.1960000000001,21.61,553.414,2388.098,9061.626,47.5,521.332,2388.082,8138.804000000001,8.440700000000001,392.6,38.708,23.261180000000003,0.33133065055923816,2.9111973481708437,2.5581888124190315,0.0,0.27318491905719594,0.02774887385168935,3.968637045625591,0.030000000000164763,0.45964116438815406,0.031144823005725956,3.38332380951319,0.016107917307969018,0.894427190999952,0.08497058314511745,0.08866872052759067
-0.0007,0.0004,642.46,1592.57,1412.02,21.61,553.62,2388.11,9060.94,47.52,521.83,2388.08,8143.76,8.4688,394,38.87,23.1731,642.682,1590.65,1407.896,21.61,553.4680000000001,2388.106,9061.382,47.506,521.382,2388.0879999999997,8139.346,8.44376,393.0,38.732,23.2164,0.30053286010021535,2.663146635091137,3.3632320764384205,0.0,0.28384855116812757,0.023021728867306922,3.9651002509287805,0.030495901364125253,0.5047474616083619,0.025884358212563,3.994875467397527,0.020104800421800382,1.0000000000000302,0.11233877335994971,0.051800916980316664
-0.0016,0.0003,642.56,1595.65,1412.69,21.61,553.83,2388.1,9066.41,47.54,521.36,2388.18,8139.19,8.4271,394,38.77,23.266,642.6700000000001,1592.188,1408.7060000000001,21.61,553.464,2388.1040000000003,9062.464000000002,47.52,521.5319999999999,2388.114,8139.906,8.44054,393.0,38.73800000000001,23.23546,0.3047950130825918,2.9285696167235242,4.01228488519731,0.0,0.27718225051444756,0.023021728867339022,4.532364724941784,0.02549509756819166,0.2788727308289938,0.039749213830649714,3.6590476903165543,0.02146049859626668,1.0000000000000302,0.11366617790713937,0.04818867086775654
-0.0006,-0.0003,642.07,1592.87,1409.75,21.61,552.57,2388.08,9061.42,47.56,521.78,2388.12,8141.75,8.463,392,38.7,23.1516,642.454,1591.908,1409.554,21.61,553.3299999999999,2388.092,9063.294,47.534000000000006,521.532,2388.12,8141.062,8.448060000000002,393.0,38.715999999999994,23.206780000000002,0.25880494585689584,2.740642260492305,3.594221751642635,0.0,0.49157908824554464,0.013038404812353127,3.6344573184842384,0.024083189157849752,0.2788727308289938,0.03741657387012117,2.9487743216468916,0.02141665239948867,1.0000000000000302,0.10667708282485083,0.04653860762852659
0.0017,0.0002,642.74,1591.07,1415.71,21.61,552.32,2388.12,9063.16,47.6,521.41,2388.03,8141.15,8.437,393,38.77,23.2814,642.522,1592.202,1411.98,21.61,553.0980000000001,2388.098,9062.338,47.554,521.58,2388.102,8140.562,8.450880000000002,393.2,38.748000000000005,23.21546,0.2844644090215828,2.499383924089299,2.472549291718135,0.0,0.6509761900411303,0.017888543821357974,2.5836060070953604,0.029664793948624965,0.2141261310535919,0.054954526657060916,2.5904188850469603,0.017918063511456642,0.8366600265341112,0.08955445270904176,0.056745290553505696
0.0018,0.0002,642.54,1595.33,1413.15,21.61,553.05,2388.1,9064.26,47.38,521.97,2388.08,8134.94,8.4563,393,38.82,23.2471,642.4739999999999,1593.498,1412.664,21.61,553.0780000000001,2388.102,9063.238000000001,47.52,521.6700000000001,2388.0980000000004,8140.158,8.45044,393.2,38.786,23.22384,0.2479516081819116,1.9453842808026847,2.1459916122795817,0.0,0.650515180453525,0.01483239697582002,2.219125954037681,0.08366600265347528,0.2699073915251631,0.055856960175862155,3.341312616324773,0.017709968944088557,0.8366600265341112,0.06348228099250265,0.057932745489935
0.0024,0.0005,642.55,1592.2,1406.65,21.61,553.57,2388.09,9063.74,47.67,521.31,2388.11,8141.11,8.4342,393,38.89,23.3028,642.492,1593.424,1411.5900000000001,21.61,553.068,2388.098,9063.798,47.55,521.566,2388.104,8139.628,8.443520000000001,393.0,38.790000000000006,23.24978,0.2499399927982648,1.995890778573385,3.478764148368897,0.0,0.6404061211454032,0.014832396975751035,1.8097845175256566,0.10723805294770045,0.29211299183705014,0.05504543577908619,2.7921711981920843,0.015344282322755767,0.7071067811865878,0.070356236397428,0.05856732877638428
0.0008,-0.0004,642.62,1589.66,1405.98,21.61,554.0,2388.13,9062.91,47.37,521.34,2388.11,8145.66,8.4454,395,39.03,23.2205,642.5039999999999,1592.2259999999999,1410.248,21.61,553.1020000000001,2388.1040000000003,9063.098,47.516,521.562,2388.09,8140.9220000000005,8.44718,393.2,38.842,23.24068,0.25540164447395935,2.119606095479971,4.1732625127087974,0.0,0.6933036852638664,0.02073644135454105,1.0743928517476893,0.13464768843174155,0.2957532755524294,0.036742346142615685,3.8407642468665113,0.012336206872474862,1.095445115010361,0.12597618822620696,0.05895063188805769
0.0009,0.0002,642.6,1590.3,1407.55,21.61,553.53,2388.07,9054.6,47.51,521.09,2388.07,8146.31,8.4165,394,38.92,23.3995,642.61,1591.712,1409.808,21.61,553.2940000000001,2388.102,9061.734,47.50599999999999,521.424,2388.08,8141.834,8.437880000000002,393.6,38.886,23.29026,0.08000000000027635,2.232973354072259,4.351082623897401,0.0,0.6400234370711163,0.02387467277358468,4.0222854199950975,0.1324009063413484,0.32784142508240877,0.03316624790410255,4.560485719745797,0.014724707127829185,0.894427190999952,0.0996493853468227,0.06873567487120635
0.0018,-0.0001,642.73,1589.5,1415.36,21.61,552.87,2388.1,9057.76,47.49,521.85,2388.12,8135.57,8.4417,395,38.74,23.2573,642.608,1591.398,1409.7379999999998,21.61,553.404,2388.0980000000004,9060.653999999999,47.483999999999995,521.512,2388.098,8140.717999999999,8.43882,394.0,38.88,23.28544,0.07596051605961146,2.4460417003798556,4.23362374331753,0.0,0.4497554891274468,0.021679483389726237,4.261523201851803,0.12157302332346832,0.3783120405168582,0.02167948339060503,5.3790026956686425,0.014804289918816143,1.0000000000000302,0.10885770528538792,0.07033859537977914
0.0025,-0.0,643.24,1579.45,1405.78,21.61,552.57,2388.13,9057.34,47.56,521.56,2388.13,8141.88,8.4589,395,38.69,23.3229,642.7479999999999,1588.222,1408.264,21.61,553.308,2388.1040000000003,9059.27,47.519999999999996,521.4300000000001,2388.1079999999997,8142.106,8.43934,394.4,38.854,23.300600000000003,0.28278967449331927,5.019752981970569,4.026627621221649,0.0,0.5773387220690447,0.026076809621759095,3.9065457887936796,0.1090871211464116,0.2878367592925838,0.02280350850426324,4.303107017028891,0.015596249549182144,0.894427190999952,0.13831124321617613,0.06814367175314226
0.0004,0.0004,642.48,1587.57,1409.59,21.61,553.76,2388.03,9058.55,47.55,521.6,2388.08,8138.41,8.4441,392,38.89,23.3827,642.734,1587.2959999999998,1408.8519999999999,21.61,553.3460000000001,2388.092,9058.232,47.496,521.488,2388.102,8141.566000000001,8.441320000000001,394.2,38.854,23.31658,0.29644561052584445,4.5029135012793535,3.9458674584917364,0.0,0.604508064462564,0.042661458015789334,3.0081007296893247,0.07602631123505672,0.2868274742768319,0.025884358212928643,4.617285999372975,0.015407855139519108,1.3038404810405553,0.13831124321617613,0.07751291505291094
0.0007,-0.0003,642.37,1596.08,1406.09,21.61,553.22,2388.1,9058.56,47.62,520.94,2388.12,8145.42,8.4477,393,38.74,23.2892,642.684,1588.58,1408.874,21.61,553.19,2388.0860000000002,9057.362,47.54600000000001,521.408,2388.1040000000003,8141.518000000001,8.44178,393.8,38.796,23.33032,0.33857052441116436,6.0089890996740465,3.926108760590349,0.0,0.48171568378081103,0.03781534080269242,1.6304968567799625,0.05029910535997007,0.379301990503665,0.027018512173997693,4.5650377873579675,0.015593331908236068,1.3038404810405553,0.10212737145355485,0.06043047244561011
0.0011,-0.0001,642.7,1595.19,1403.6,21.61,552.35,2388.11,9066.41,47.59,521.19,2388.14,8138.67,8.4411,393,38.82,23.2691,642.704,1589.558,1408.084,21.61,552.954,2388.094,9059.724,47.562,521.4280000000001,2388.118,8139.99,8.446700000000002,393.6,38.775999999999996,23.30424,0.33530583054883906,6.715338412917111,4.598883560168324,0.0,0.5567135708788156,0.03781534080280065,3.774139637046739,0.0486826457787018,0.3605135226313051,0.02280350850458231,3.7693567090436195,0.007296574538815432,1.3416407864999005,0.07893034904277976,0.05041961919729093
-0.0023,-0.0,642.55,1585.53,1416.15,21.61,552.9,2388.14,9062.86,47.47,521.7,2388.08,8136.63,8.437,393,38.69,23.2489,642.668,1588.764,1408.242,21.61,552.96,2388.102,9060.744,47.55800000000001,521.398,2388.1099999999997,8140.202,8.44576,393.2,38.766,23.30256,0.34142349069749617,6.954356907723508,4.914119453166212,0.0,0.5557427462420329,0.0432434966212547,3.799727621805151,0.056302753041165284,0.32065557846393317,0.02828427124943417,3.477092175943979,0.008331146379729436,1.0954451150103692,0.08734987120778558,0.052472831065227356
-0.0028,-0.0001,643.32,1593.23,1410.11,21.61,552.8,2388.12,9058.09,47.65,520.85,2388.11,8140.51,8.4563,392,38.66,23.2357,642.684,1591.52,1409.108,21.61,553.006,2388.1,9060.894,47.576,521.2560000000001,2388.106,8139.928,8.44524,392.6,38.760000000000005,23.28512,0.37513997387652753,4.708216222731922,4.750591542111788,0.0,0.5240038167805707,0.041833001327044164,3.643340500132501,0.06985699678640428,0.3822695384151059,0.02607680962286463,3.3639441136874164,0.007326527144594073,0.5477225575052381,0.09460443964221645,0.05820087628206349
0.0015,0.0001,642.83,1593.73,1420.61,21.61,552.25,2388.09,9064.14,47.44,521.47,2388.1,8141.73,8.4526,391,38.82,23.2364,642.7540000000001,1592.752,1411.312,21.61,552.704,2388.112,9062.011999999999,47.553999999999995,521.2300000000001,2388.1099999999997,8140.592,8.446940000000001,392.4,38.746,23.25586,0.35990276464632537,4.194093465815137,7.036477812085945,0.0,0.40165905940340313,0.019235384062686676,3.601675998737479,0.09343446901446155,0.3565809865936604,0.022360679777424765,3.3167333326644437,0.007955061282008208,0.894427190999952,0.07334848328370518,0.023023965774829673
-0.0039,-0.0002,642.96,1583.83,1414.45,21.61,552.62,2388.11,9058.77,47.7,521.43,2388.08,8144.41,8.464,393,39.02,23.285,642.8720000000001,1590.3020000000001,1412.984,21.61,552.5840000000001,2388.114,9062.054,47.57,521.328,2388.102,8140.390000000001,8.4502,392.4,38.802,23.255020000000002,0.29303583398628413,5.217175481043223,6.454609205829073,0.0,0.2802320467057773,0.018165902125615124,3.552242953385968,0.11247221879209027,0.3226763083959874,0.02489979919808627,2.960844474133746,0.011073165762353853,0.894427190999952,0.14219704638287078,0.02153176722892305
-0.0009,0.0001,643.15,1593.07,1408.17,21.61,553.04,2388.1,9062.59,47.5,521.24,2388.15,8145.18,8.4381,393,38.59,23.3877,642.962,1589.878,1413.898,21.61,552.722,2388.112,9061.289999999999,47.552,521.338,2388.1040000000003,8141.692,8.4496,392.4,38.75600000000001,23.27874,0.29609120216585677,4.789208702906899,4.939283348824026,0.0,0.30499180316985536,0.01923538406261871,2.686438162306805,0.1156287161565606,0.31807231882083276,0.02880972058371319,3.4123335124226446,0.011750106382521027,0.894427190999952,0.16949926253532346,0.06412295220901859
0.001,0.0002,642.89,1589.49,1408.06,21.61,552.84,2388.13,9064.71,47.46,520.91,2388.16,8137.61,8.4275,391,38.7,23.2363,643.0300000000001,1590.67,1412.28,21.61,552.71,2388.11,9061.66,47.55,521.1800000000001,2388.12,8141.888000000001,8.447700000000001,392.0,38.758,23.276220000000002,0.20186629238184345,4.178971165250774,5.3269878918554685,0.0,0.29732137494773647,0.01581138830203008,3.058381925118222,0.11747340124476753,0.28809720581796894,0.03391164991732731,3.0587121472938175,0.014695747684297586,1.0000000000000302,0.16858232410314578,0.06581410942951442
-0.001,-0.0001,642.88,1593.22,1402.87,21.61,553.31,2388.11,9058.24,47.57,521.58,2388.12,8138.41,8.3992,393,38.91,23.2852,642.942,1590.6680000000001,1410.8319999999999,21.61,552.8119999999999,2388.108,9061.689999999999,47.534000000000006,521.326,2388.122,8141.467999999999,8.43628,392.2,38.808,23.28612,0.12517987058629865,4.177441800910863,6.834889904013003,0.0,0.4041905491234411,0.014832396975429114,3.0150373131838237,0.10526157893558788,0.26292584505912175,0.033466401063104424,3.418277343927027,0.024950290579477834,1.095445115010361,0.1693221781102818,0.06179544481594093
0.0017,-0.0002,642.82,1596.78,1410.67,21.61,553.91,2388.12,9063.44,47.56,521.12,2388.08,8138.72,8.469,393,38.82,23.2242,642.94,1591.278,1408.8439999999998,21.61,553.144,2388.114,9061.55,47.55800000000001,521.256,2388.1179999999995,8140.866,8.43956,392.6,38.808,23.28368,0.12747548783983545,4.8970470694078285,4.228448888183989,0.0,0.4980261037339346,0.011401754252825651,2.8863385109675788,0.0912140340080115,0.2615912842586537,0.03768288736429743,3.6197140771070715,0.028462835417442368,0.894427190999952,0.1693221781102818,0.0644339739578433
0.0014,-0.0003,642.77,1592.86,1414.08,21.61,553.27,2388.12,9055.89,47.88,521.0,2388.16,8136.34,8.4579,394,38.83,23.2901,642.9019999999999,1593.084,1408.77,21.61,553.274,2388.116,9060.973999999998,47.594,521.17,2388.1339999999996,8139.252,8.43834,392.8,38.769999999999996,23.284699999999997,0.1468672870315888,2.580993994567051,4.107316642284149,0.0,0.4027778544064863,0.011401754252935332,3.740725865377885,0.16607227342340225,0.2607680962083951,0.03435112807642214,3.4390798187909035,0.02725863166045564,1.095445115010361,0.1254990039801735,0.06450042635518012
0.0003,0.0005,642.79,1588.82,1412.23,21.61,553.2,2388.15,9061.46,47.56,521.04,2388.17,8135.79,8.4815,395,38.78,23.2054,642.83,1592.234,1409.5819999999999,21.61,553.3059999999999,2388.1259999999997,9060.748,47.606,521.1299999999999,2388.138,8137.374000000001,8.44702,393.2,38.808,23.24824,0.053385391260603154,3.209950155375232,4.353018492952078,0.0,0.38552561523231993,0.015165750889903414,3.6517625881087703,0.1596245595139359,0.2626785107316227,0.037682887364553115,1.2766087889494948,0.033384682116211754,1.4832396974191564,0.07661592523757421,0.0376631517534114
0.0016,0.0,642.96,1585.94,1413.53,21.61,552.87,2388.1,9057.27,47.57,521.35,2388.09,8136.78,8.4672,395,38.81,23.2591,642.844,1591.524,1410.676,21.61,553.3119999999999,2388.12,9059.26,47.628,521.2180000000001,2388.124,8137.2080000000005,8.45496,394.0,38.83,23.2528,0.07700649323300661,4.206528259740521,4.5574422651285955,0.0,0.37658996269185996,0.0187082869351744,3.109252321690632,0.14096098751079897,0.24355697485416047,0.04037325847770404,1.2921184156353085,0.03228440800139626,1.000000000000039,0.0484767985742273,0.03723392270497991
-0.0008,-0.0002,642.24,1592.33,1404.41,21.61,552.31,2388.15,9062.89,47.54,520.7,2388.12,8137.23,8.4555,393,38.7,23.3097,642.716,1591.346,1410.984,21.61,553.1120000000001,2388.1279999999997,9060.189999999999,47.622,521.042,2388.1240000000003,8136.972,8.46622,394.0,38.788,23.2577,0.27627884464814423,4.1350429260161405,3.9030731481717136,0.0,0.5855083261580905,0.021679483390029074,3.4088781145589544,0.14463747785418316,0.23435016535141706,0.04037325847770404,1.1130453719524829,0.010323613708425475,1.000000000000039,0.05263078946788672,0.0436269985215615
0.0005,0.0004,642.75,1588.68,1408.92,21.61,553.52,2388.11,9055.44,47.58,522.06,2388.09,8137.51,8.4545,395,38.85,23.2798,642.702,1589.7259999999999,1410.634,21.61,553.034,2388.126,9058.59,47.626,521.23,2388.126,8136.7300000000005,8.46332,394.4,38.794000000000004,23.268819999999998,0.2714221803761047,2.8658122757781994,4.015125153713095,0.0,0.4665083064646465,0.023021728867652597,3.379415629949616,0.14275853739801211,0.517976833458828,0.0378153408037697,0.6885855066915169,0.011334548954446806,0.8944271909999619,0.05856620185748795,0.03987840267613733
0.003,0.0005,642.97,1585.35,1412.15,21.61,552.95,2388.15,9069.03,47.43,520.9,2388.13,8137.11,8.4341,394,38.71,23.3725,642.742,1588.224,1410.248,21.61,552.97,2388.132,9061.218,47.536,521.21,2388.12,8136.884,8.45856,394.4,38.769999999999996,23.2853,0.2974390693908633,2.7793398496775708,3.679785319822411,0.0,0.4476047363473312,0.024899799197209267,5.311625928084236,0.06107372593852595,0.5308483775995352,0.03316624790504948,0.6652668637660973,0.017500228569955235,0.8944271909999619,0.06442049363374995,0.061846382270912485
-0.0041,0.0003,642.65,1586.92,1414.37,21.61,553.38,2388.08,9057.08,47.82,521.44,2388.19,8139.83,8.4303,393,38.83,23.2224,642.714,1587.844,1410.676,21.61,553.0060000000001,2388.118,9060.342,47.588,521.2900000000001,2388.1240000000003,8137.692,8.44832,394.0,38.78,23.2887,0.29837895368158535,2.80722817027879,4.0715451612353935,0.0,0.4770010482174286,0.031144823005565956,5.614291584867547,0.14272350892553382,0.5289612462175083,0.04098780306514727,1.2235276866598483,0.015597499799664547,1.000000000000039,0.07000000000010229,0.05660057420203252
-0.0001,0.0003,642.08,1584.8,1409.92,21.61,554.27,2388.13,9066.62,47.5,521.05,2388.12,8140.49,8.4679,393,38.75,23.2996,642.538,1587.616,1409.9540000000002,21.61,553.286,2388.124,9062.212,47.574,521.23,2388.13,8138.433999999999,8.44846,393.6,38.768,23.2968,0.3683340874805895,3.037388681088998,3.745988521069021,0.0,0.7241063457809893,0.029664793949289815,5.885844884116451,0.14825653442602835,0.5374011537018231,0.03674234614337608,1.599399887464394,0.015811008822985917,0.8944271909999619,0.0687022561493886,0.054150484762370193
-0.0024,-0.0003,643.02,1594.52,1415.38,21.61,554.01,2388.12,9062.41,47.85,520.71,2388.08,8140.79,8.4763,392,38.81,23.3251,642.694,1588.0539999999999,1412.1480000000001,21.61,553.626,2388.118,9062.116,47.635999999999996,521.232,2388.1220000000003,8139.145999999999,8.45262,393.4,38.790000000000006,23.29988,0.3756727299127496,3.917496649648437,2.7734040455686744,0.0,0.5222355790254004,0.025884358212050956,5.875928011802221,0.1895521036549588,0.5349485956613604,0.043243496622031787,1.7174632456092076,0.020241837861236317,1.1401754250991678,0.058309518948562504,0.055489070996004884
0.0024,-0.0004,642.96,1595.29,1407.75,21.61,552.44,2388.08,9059.36,47.69,521.1,2388.11,8144.36,8.4475,393,38.77,23.2025,642.7360000000001,1589.376,1411.9140000000002,21.61,553.41,2388.112,9062.9,47.658,521.04,2388.1259999999997,8140.5160000000005,8.451220000000001,393.0,38.774,23.28442,0.3947530873851123,5.114110870914279,3.1390970039132924,0.0,0.7504998334444373,0.031144823005628923,4.951247317582209,0.18780308836656956,0.2702776350354281,0.040373258477747684,2.5943939562087697,0.020321220435804793,0.7071067811865878,0.04774934554541252,0.07106466773298681
-0.0002,0.0002,642.94,1589.69,1415.38,21.61,553.37,2388.13,9065.51,47.7,521.2,2388.14,8138.34,8.4561,392,38.81,23.3461,642.73,1590.2440000000001,1412.56,21.61,553.494,2388.108,9062.196,47.712,521.1,2388.1279999999997,8140.762,8.45562,392.6,38.794000000000004,23.27914,0.39051248379543796,4.602698121754399,3.5102207907731584,0.0,0.7084701828588683,0.025884358212074018,4.025435380164294,0.13809417076772307,0.26466960535781103,0.04086563348482104,2.2223343582842965,0.017928524758066524,0.5477225575052219,0.032863353450494216,0.0634580412556196
-0.0026,-0.0003,642.6,1591.92,1411.21,21.61,553.17,2388.17,9064.2,47.64,521.33,2388.12,8142.73,8.4461,395,38.82,23.3095,642.72,1591.2440000000001,1411.928,21.61,553.452,2388.126,9063.619999999999,47.676,521.078,2388.114,8141.342,8.458779999999999,393.0,38.792,23.29656,0.3937003937007003,4.2278635266526345,3.3851100425211462,0.0,0.7229937759068928,0.03209361307243285,2.8513242537190027,0.12581732790050298,0.23188359148564847,0.021908902301795763,2.295510836395338,0.013089385012315822,1.2247448713916151,0.0303315017764118,0.05543625167703618
-0.0014,-0.0002,642.88,1591.8,1412.73,21.61,552.95,2388.17,9064.7,47.54,521.13,2388.13,8138.66,8.4499,394,38.81,23.166,642.88,1592.6439999999998,1412.49,21.61,553.188,2388.1339999999996,9063.236,47.684000000000005,521.094,2388.1160000000004,8140.976,8.455179999999999,393.2,38.804,23.269840000000002,0.16431676725153885,2.2629250981852516,3.196396408453824,0.0,0.5756040305629019,0.037815340802964496,2.4469021230639223,0.11238327277679439,0.23222833591156844,0.023021728868129546,2.592051311222438,0.012411768608890013,1.3038404810405553,0.019493588689893045,0.08024897507133688
0.0033,-0.0003,642.72,1596.51,1410.04,21.61,553.19,2388.12,9056.03,47.8,521.38,2388.14,8134.82,8.4514,393,38.7,23.3063,642.82,1593.042,1411.422,21.61,553.0240000000001,2388.134,9061.960000000001,47.674,521.2280000000001,2388.1279999999997,8139.781999999999,8.450199999999999,393.4,38.782,23.26608,0.15491933384838197,2.789170127474504,2.8642224075616367,0.0,0.3588593039066426,0.037815340802964496,4.0942825989278955,0.09476286192397507,0.12275992831563806,0.013038404814965302,3.7950125164503143,0.003887158345193197,1.1401754250991678,0.04969909455929608,0.07740246766092239
-0.0008,0.0003,643.04,1588.63,1413.74,21.61,553.72,2388.11,9056.48,47.73,521.41,2388.16,8138.41,8.4444,394,38.65,23.1557,642.836,1591.71,1412.6200000000001,21.61,553.28,2388.1400000000003,9061.384,47.682,521.29,2388.138,8138.592,8.449580000000001,393.6,38.757999999999996,23.25672,0.17572706109195407,3.0273338104671947,2.0933585454900414,0.0,0.2875760768913832,0.028284271248139578,4.708081350178461,0.0980815986820295,0.1202081528015539,0.0148323969796492,2.80411661669392,0.00460619148544691,1.1401754250991678,0.07791020472324237,0.08897731171484269
-0.0005,-0.0004,642.67,1589.75,1414.71,21.61,552.58,2388.05,9070.76,47.83,521.37,2388.13,8138.68,8.453,393,38.67,23.1906,642.7819999999999,1591.722,1412.486,21.61,553.122,2388.124,9062.434000000001,47.708,521.324,2388.1359999999995,8138.660000000001,8.44896,393.8,38.730000000000004,23.22562,0.17725687574825844,3.0174277124726347,1.8834356904275398,0.0,0.4146926572780217,0.04979959839221497,6.20558458163867,0.11903780911972463,0.11216059914207738,0.015165750893118068,2.8005981503990798,0.0036101246516710476,0.8366600265341112,0.0796868872526819,0.0761821304506557
0.0009,0.0006,643.39,1591.5,1411.35,21.61,552.61,2388.12,9059.7,47.63,520.88,2388.09,8141.41,8.4289,393,38.82,23.2179,642.9399999999999,1591.638,1412.514,21.61,553.01,2388.1140000000005,9061.534,47.706,521.234,2388.13,8138.395999999999,8.44552,393.4,38.730000000000004,23.2073,0.2904307146290941,3.0163835962950603,1.8606262386563066,0.0,0.4703721930560541,0.04277849927263441,6.2117453263872235,0.12054044964253248,0.2274423003753909,0.025495097570343482,2.3464078929335006,0.009838546640667802,0.5477225575052219,0.0796868872526819,0.060333448434521104
0.0014,0.0001,642.93,1588.97,1407.46,21.61,553.23,2388.12,9062.7,47.64,521.4,2388.13,8135.63,8.4536,393,38.85,23.2371,642.95,1591.072,1411.46,21.61,553.066,2388.1040000000003,9061.134000000002,47.726,521.288,2388.13,8137.790000000001,8.44626,393.2,38.738,23.221519999999998,0.2887040006649769,3.235911000011966,2.906432521146438,0.0,0.47804811473357983,0.03049590136405003,6.018287131726367,0.0907193474404698,0.2286263326915021,0.025495097570343482,2.6347390762697755,0.010374873493233272,0.4472135955000207,0.09093954035522883,0.05641765681061896
-0.0007,-0.0004,642.86,1597.14,1415.53,21.61,552.44,2388.11,9061.17,47.61,521.1,2388.14,8138.13,8.4676,393,38.75,23.2472,642.9779999999998,1591.198,1412.558,21.61,552.9159999999999,2388.102,9062.162,47.688,521.232,2388.13,8138.452,8.4495,393.2,38.748000000000005,23.2097,0.26677706048301114,3.5019237570224604,3.2523022614720754,0.0,0.5427061820178666,0.02949576240758345,5.327890764634373,0.09176055797576038,0.2346699810373098,0.025495097570343482,2.053708840127924,0.014204224723672216,0.4472135955000207,0.08843076387784263,0.03709804577064683
0.0005,-0.0002,643.38,1585.84,1414.4,21.61,552.22,2388.12,9059.7,47.69,520.69,2388.15,8137.98,8.4455,395,38.81,23.2007,643.0459999999999,1590.64,1412.69,21.61,552.6160000000001,2388.1040000000003,9062.806,47.68,521.088,2388.1279999999997,8138.366,8.44972,393.4,38.78,23.2187,0.32377461296390914,4.171648355266706,3.3248533802223945,0.0,0.3762047314968462,0.03049590136405003,4.6165008393647184,0.08888194417328293,0.30768490375751906,0.022803508504518746,2.064880141804862,0.014113716732334579,0.894427190999952,0.07141428428552438,0.023796323245425327
0.0047,0.0006,643.1,1596.51,1408.06,21.61,553.02,2388.14,9060.26,47.62,520.72,2388.12,8139.64,8.4901,394,38.79,23.2603,643.132,1591.992,1411.36,21.61,552.704,2388.1220000000003,9060.706,47.638,520.958,2388.126,8138.558,8.457139999999999,393.6,38.804,23.23264,0.24692104001053525,4.85118233011271,3.6307919246327103,0.0,0.41512648674895225,0.010954451151722715,1.2663253925878968,0.031144823005137094,0.2958377933944271,0.02302172886877522,2.1444742945578437,0.023137048212782115,0.894427190999952,0.037148351242146306,0.02363467791192538
0.0004,0.0,642.77,1600.06,1410.0,21.61,552.54,2388.13,9061.36,47.5,521.16,2388.16,8141.44,8.4801,394,38.65,23.26,643.008,1593.7040000000002,1411.09,21.61,552.69,2388.124,9061.038,47.612,521.014,2388.1400000000003,8138.564,8.46738,393.8,38.769999999999996,23.24106,0.24056184236063258,6.0069068579424405,3.681562168425039,0.0,0.42023802778966335,0.011401754252636185,1.1487906684441769,0.06978538528961598,0.30377623343570603,0.015811388306058972,2.154467451603634,0.018348487676117797,0.8366600265341112,0.07615773105874159,0.024552046757861712
0.0008,-0.0004,643.21,1593.08,1415.74,21.61,553.05,2388.17,9058.03,47.56,520.83,2388.07,8139.94,8.4202,392,38.81,23.2195,643.064,1594.526,1412.7459999999999,21.61,552.654,2388.134,9060.104000000001,47.596000000000004,520.9,2388.1279999999997,8139.4259999999995,8.4607,393.6,38.762,23.23754,0.2502598649402801,5.4527956132607045,3.4981966782866483,0.0,0.3667151483107288,0.023021728867285925,1.341912813833238,0.07092249290612489,0.217370651194208,0.03563705936398341,1.426246822964705,0.028105248620153078,1.1401754250991678,0.06723094525601211,0.02645000945180018
-0.0013,-0.0003,643.05,1590.78,1415.61,21.61,552.49,2388.13,9051.0,47.76,520.73,2388.16,8135.26,8.4623,394,38.87,23.2414,643.1020000000001,1593.254,1412.7620000000002,21.61,552.664,2388.138,9058.070000000002,47.626,520.826,2388.132,8138.852000000001,8.459639999999998,393.8,38.786,23.23638,0.22465529150216318,5.432345718011336,3.5142595237084473,0.0,0.36004166425644946,0.0192353840627177,4.131089444685732,0.10285912696508955,0.1939845354679824,0.03834057902696675,2.3540008496215457,0.027878988503900456,1.095445115010361,0.08173126696688811,0.02604451957706935
-0.0024,0.0002,642.96,1595.29,1409.34,21.61,552.88,2388.1,9061.74,47.87,521.42,2388.14,8142.98,8.4712,392,38.74,23.3185,643.018,1595.144,1411.75,21.61,552.7959999999999,2388.1339999999996,9058.478,47.662,520.972,2388.13,8139.852000000001,8.464780000000001,393.2,38.772000000000006,23.25994,0.16543881044042721,3.5127951833253674,3.6505616006277424,0.0,0.26500943379513275,0.025099800796843035,4.422761580729956,0.15106290080632517,0.3075223569116268,0.03741657386926965,2.891594715725812,0.02697474745017324,1.095445115010361,0.08258329128834048,0.03677136113879912
0.0021,0.0005,643.13,1597.11,1411.31,21.61,553.08,2388.11,9063.54,47.6,521.27,2388.12,8138.17,8.4348,394,38.72,23.2391,643.024,1595.264,1412.4,21.61,552.808,2388.1279999999997,9059.134000000002,47.658,521.0820000000001,2388.13,8139.558,8.453719999999999,393.2,38.758,23.2557,0.16964669168581248,3.580716408764255,3.072922062138291,0.0,0.2786933799005975,0.026832815730784425,4.963363778725235,0.1527088733506388,0.2928651566853161,0.03741657386926965,2.9915414087080294,0.025281554540822253,1.095445115010361,0.08467585252016689,0.037923673345287054
-0.0006,-0.0002,642.93,1590.31,1417.57,21.61,552.79,2388.1,9056.95,47.71,520.97,2388.13,8133.68,8.5085,394,38.73,23.098,643.056,1593.3139999999999,1413.914,21.61,552.858,2388.1220000000003,9058.251999999999,47.7,521.044,2388.124,8138.005999999999,8.4594,393.2,38.774,23.223300000000002,0.11653325705536437,2.907495485808469,3.437997963928047,0.0,0.23805461558300553,0.02949576240822713,4.859657395330304,0.12469963913349066,0.29254059547414507,0.03361547262941791,3.700091890753817,0.0342792211113468,1.095445115010361,0.06426507605235238,0.07961598457596515
-0.0003,0.0005,643.09,1603.18,1408.59,21.61,553.19,2388.13,9061.67,47.75,521.31,2388.16,8144.43,8.4581,395,38.84,23.1101,643.0319999999999,1595.334,1412.484,21.61,552.8860000000001,2388.114,9058.98,47.738,521.14,2388.142,8138.9039999999995,8.466980000000001,393.8,38.78,23.201420000000002,0.0849705831445902,5.260592171989226,3.939083649781502,0.0,0.2720845456845288,0.015165750889380544,5.085484244392409,0.09731392500574668,0.2833725463065156,0.017888543824340707,4.697289644041378,0.026823627644311,1.095445115010361,0.06964194138601994,0.0945528265045549
-0.0006,-0.0001,643.2,1590.27,1411.71,21.61,552.69,2388.15,9057.27,47.79,521.17,2388.15,8138.92,8.4951,394,38.54,23.2311,643.062,1595.232,1411.704,21.61,552.926,2388.118,9060.234,47.744,521.228,2388.1400000000003,8139.636,8.47354,393.8,38.714,23.199360000000002,0.11432410069593577,5.3746739435983155,3.5302521156395246,0.0,0.20598543637915892,0.021679483389583334,2.950835474898366,0.09989994995005912,0.16976454282363743,0.015811388305658113,4.251485622698848,0.029290322633946642,1.095445115010361,0.1085357084098289,0.09357113871274907
0.0033,-0.0001,642.71,1592.84,1418.57,21.61,553.24,2388.16,9058.92,47.9,521.15,2388.09,8140.11,8.4207,394,38.63,23.1819,643.012,1594.742,1413.55,21.61,552.9979999999999,2388.13,9059.670000000002,47.75,521.174,2388.13,8139.062,8.46344,394.2,38.69199999999999,23.172040000000003,0.19575494885167916,5.478737993369968,4.311774576664948,0.0,0.24509181952937428,0.025495097568666466,2.859099508575605,0.10977249200061265,0.13221195104908542,0.02738612787742041,3.8631425031985027,0.03777642121748219,0.4472135955000207,0.11300442469224962,0.06595610661645082
0.0024,0.0006,642.78,1595.78,1416.61,21.61,553.91,2388.16,9057.04,48.02,520.98,2388.1,8138.57,8.4595,395,38.76,23.2439,642.942,1594.476,1414.61,21.61,553.164,2388.1400000000003,9058.37,47.834,521.116,2388.1259999999997,8139.142,8.46838,394.4,38.7,23.173,0.2053533540021242,5.366155979842195,4.274739758157488,0.0,0.4815391988197641,0.025495097568566133,2.0117032584296197,0.12581732790052572,0.14275853739893643,0.030495901365708334,3.8441474997739573,0.034574152194965596,0.5477225575052219,0.11683321445558646,0.06719940475927312
-0.0021,-0.0002,643.24,1593.24,1410.77,21.61,552.87,2388.15,9061.1,47.69,520.77,2388.1,8140.15,8.4508,395,38.63,23.2446,643.004,1595.062,1413.25,21.61,553.1800000000001,2388.15,9059.2,47.83,521.076,2388.12,8140.436,8.45684,394.6,38.68,23.202319999999997,0.24398770460807667,4.940589033707935,4.178205356367088,0.0,0.46711882856501985,0.01224744871469608,2.131888833862927,0.13095800853719705,0.20731618364312188,0.032403703493455595,2.3409570692370347,0.02652862604811257,0.5477225575052219,0.1189537725338207,0.057589686576681565
-0.0008,-0.0004,643.12,1596.17,1411.43,21.61,552.76,2388.13,9055.55,47.64,520.08,2388.19,8136.21,8.4312,395,38.65,23.237,643.01,1593.6599999999999,1413.818,21.61,553.0939999999999,2388.15,9057.975999999999,47.808,520.83,2388.126,8138.7919999999995,8.45146,394.6,38.641999999999996,23.227700000000002,0.24698178070439386,2.404963617187788,3.528926182278872,0.0,0.5030208743184458,0.01224744871469608,2.1160411149104283,0.1548224789881228,0.4490545623871362,0.042778499273758125,1.6057459325869137,0.02883648730342445,0.5477225575052219,0.07854934754683225,0.026190360822263805
0.0004,-0.0001,643.1,1596.43,1421.36,21.61,552.68,2388.14,9057.6,47.77,520.85,2388.12,8139.26,8.4947,395,38.69,23.2961,642.99,1594.892,1415.748,21.61,553.092,2388.148,9058.042000000001,47.804,520.766,2388.12,8138.860000000001,8.45138,394.8,38.672000000000004,23.240699999999997,0.2313006701242209,1.712241221322339,4.572386685306742,0.0,0.5050445524902849,0.013038404811258833,2.093542452397219,0.15565988564825414,0.40954853192364193,0.04062019202436335,1.6196604582501384,0.028685309829258345,0.4472135955000207,0.05495452665639536,0.040514626988290885
-0.0011,0.0004,642.8,1595.95,1415.42,21.61,552.7,2388.18,9058.96,47.59,521.45,2388.17,8133.16,8.4638,394,38.63,23.2847,643.008,1595.514,1415.118,21.61,552.984,2388.1519999999996,9058.05,47.742000000000004,520.826,2388.1359999999995,8137.469999999999,8.459999999999999,394.8,38.672000000000004,23.26126,0.20620378270031983,1.294345394396148,4.294947031101933,0.0,0.5229053451632178,0.01923538406206018,2.0978083801883955,0.16902662512168223,0.49328490753392024,0.04159326868786,2.8178094328802983,0.023091448633652617,0.4472135955000207,0.05495452665639536,0.027068117777198336
-0.001,0.0004,643.2,1591.81,1412.8,21.61,552.77,2388.16,9063.51,47.83,520.99,2388.18,8138.37,8.4903,395,38.8,23.2694,643.092,1594.72,1414.356,21.61,552.7560000000001,2388.1519999999996,9059.344,47.70399999999999,520.828,2388.152,8137.43,8.46616,394.8,38.68,23.26636,0.17297398648320422,2.0735235711213016,4.30203788918376,0.0,0.07436396977449004,0.01923538406206018,3.0831201728032878,0.09685040010255101,0.4940850129286933,0.03962322551459395,2.799651764064521,0.026744027370623508,0.4472135955000207,0.07141428428561788,0.02532573789646192
-0.0016,0.0002,643.61,1591.13,1407.22,21.61,552.65,2388.23,9061.14,47.71,520.65,2388.14,8137.82,8.4559,396,38.64,23.1169,643.1659999999999,1594.2980000000002,1413.646,21.61,552.712,2388.168,9059.351999999999,47.708,520.804,2388.16,8136.964,8.46718,395.0,38.682,23.24082,0.29099828178167436,2.5983302330527445,5.233849443762611,0.0,0.05167204273763746,0.039623225512250296,3.088862250076145,0.09654014708930342,0.5004797698216985,0.029154759477759504,2.3989643598923154,0.026101283493358295,0.7071067811865878,0.06978538528966377,0.07274769412153313
-0.0034,-0.0003,642.93,1601.24,1417.38,21.61,552.6,2388.13,9057.34,47.67,521.26,2388.11,8141.25,8.477,395,38.72,23.2038,643.128,1595.3120000000001,1414.836,21.61,552.6800000000001,2388.1679999999997,9059.710000000001,47.714,521.04,2388.144,8137.972,8.47634,395.0,38.696,23.234180000000002,0.3102740723938993,4.078948393887138,5.28025378177713,0.0,0.0628490254556656,0.039623225512250296,2.6036704860508015,0.09208691546590406,0.3190611226716167,0.030495901366408253,2.9891921985756698,0.01663920070198002,0.7071067811865878,0.06877499545637526,0.0746732013509542
-0.0002,0.0006,643.27,1591.74,1414.74,21.61,552.43,2388.15,9058.31,47.68,520.8,2388.19,8137.94,8.4731,395,38.8,23.213,643.162,1594.374,1413.5120000000002,21.61,552.63,2388.1699999999996,9059.851999999999,47.696,521.03,2388.1580000000004,8137.7080000000005,8.47202,395.0,38.718,23.21756,0.31570555902595804,4.29130865820622,3.8796288482244328,0.0,0.12825755338694506,0.03807886552916996,2.476059369225201,0.08706319543885221,0.3271849629804136,0.03271085447042921,2.90407816699683,0.013110568256209066,0.7071067811865878,0.08258329128837305,0.06621505115908505
-0.0001,0.0004,642.91,1594.31,1413.18,21.61,552.48,2388.15,9054.06,47.95,521.09,2388.16,8137.98,8.4527,394,38.73,23.2177,643.184,1594.046,1413.0639999999999,21.61,552.586,2388.1639999999998,9058.872,47.768,520.958,2388.156,8138.6720000000005,8.4698,395.0,38.738,23.20416,0.2866705426092648,4.202490928008767,3.7306943053507235,0.0,0.13575713609552179,0.03847076812326781,3.621915239201878,0.1200833044183364,0.23952035404236716,0.03209361307456474,1.4558399637390655,0.015561169621872767,0.7071067811865878,0.066483080554504,0.05507306964388599
-0.0002,0.0004,643.12,1591.22,1417.01,21.61,551.91,2388.17,9058.92,47.85,521.0,2388.11,8136.91,8.4874,393,38.64,23.2388,643.1679999999999,1593.9279999999999,1413.906,21.61,552.414,2388.166,9057.954000000002,47.772000000000006,520.96,2388.142,8138.379999999999,8.46922,394.6,38.706,23.19804,0.28778464170259554,4.288376149546122,4.111834140620717,0.0,0.29534725324792577,0.038470768123248594,2.5860549104755153,0.12296340919162561,0.23989581071910596,0.03420526275507792,1.6632047378546169,0.014632395566027221,1.1401754250991678,0.06767569726292338,0.04713961179305911
0.0025,0.0001,643.18,1589.91,1421.7,21.61,553.02,2388.15,9064.61,47.82,520.77,2388.19,8134.45,8.4596,393,38.74,23.2114,643.082,1593.684,1416.8020000000001,21.61,552.4879999999999,2388.15,9058.648000000001,47.794,520.984,2388.152,8137.706,8.46996,394.0,38.726,23.21694,0.15738487856171762,4.516041408135708,3.2302662428918905,0.0,0.397831622675971,0.014142135623621621,3.824077666571887,0.11886967653707178,0.20452383724284465,0.040249223597178536,2.445655331404539,0.013863729656939458,1.000000000000039,0.057271284253272194,0.013203332912573319
0.0002,0.0004,643.27,1592.62,1417.35,21.61,552.92,2388.11,9068.29,47.93,520.76,2388.17,8138.06,8.5086,395,38.88,23.2118,643.15,1591.96,1416.796,21.61,552.5519999999999,2388.146,9060.838,47.846000000000004,520.8839999999999,2388.1639999999998,8137.067999999999,8.47628,394.0,38.757999999999996,23.21854,0.1484924240487775,1.6398627991384152,3.2289518423115044,0.0,0.44347491473691125,0.021908902300158177,5.607385308671244,0.10737783756451162,0.1510959959783529,0.03286335345359444,1.5374556904288526,0.022430938455641185,1.000000000000039,0.08899438184522039,0.011600344822470987
-0.003,0.0002,642.85,1591.05,1418.64,21.61,551.75,2388.13,9048.84,47.75,520.87,2388.14,8130.65,8.4833,396,38.67,23.1617,643.066,1591.8220000000001,1417.576,21.61,552.4159999999999,2388.1420000000003,9058.944,47.86,520.8979999999999,2388.154,8135.609999999999,8.47832,394.2,38.732000000000006,23.208280000000002,0.1792484309551468,1.691233277817766,3.075537351417619,0.0,0.5750043478105928,0.022803508501981963,7.832562160619401,0.08185352771891471,0.1444645285205588,0.030495901366988876,3.132754379143861,0.022533020214804498,1.3038404810405622,0.09257429448836348,0.02833737814266339
0.0026,-0.0003,642.75,1591.16,1421.43,21.61,552.49,2388.08,9062.75,47.6,520.58,2388.18,8139.7,8.4712,394,38.68,23.1199,643.034,1591.192,1419.226,21.61,552.418,2388.1279999999997,9060.682,47.79,520.796,2388.158,8135.954,8.48202,394.2,38.721999999999994,23.18872,0.22300224214092015,0.9623772649012893,2.222145359772879,0.0,0.575299921780875,0.034928498393276934,7.431774350712309,0.12429802894666843,0.1546932448454298,0.03271085447061514,3.5276096722911694,0.01841743738962725,1.3038404810405622,0.09549869109061346,0.04749038850125637
0.0005,0.0001,643.23,1597.26,1415.88,21.61,551.88,2388.14,9057.95,47.68,520.59,2388.14,8138.77,8.4351,394,38.51,23.0601,643.056,1592.4,1419.0,21.61,552.412,2388.1220000000003,9060.488000000001,47.756,520.7139999999999,2388.1639999999998,8136.325999999999,8.47156,394.4,38.696000000000005,23.15298,0.238495282971961,2.8821953438303374,2.538769386919724,0.0,0.5820395175596642,0.027748873851172102,7.501601162412574,0.12700393694695003,0.12541929676463287,0.023021728871292474,3.745000667562075,0.02730518265825577,1.1401754250991756,0.1335290230625014,0.06455561168481284
0.001,-0.0001,643.17,1599.1,1416.77,21.61,552.39,2388.16,9054.04,47.75,520.49,2388.26,8140.57,8.458,394,38.47,23.2023,643.0540000000001,1594.2379999999998,1418.014,21.61,552.286,2388.124,9058.374000000002,47.742000000000004,520.658,2388.178,8137.55,8.47124,394.6,38.641999999999996,23.15116,0.23723406163507618,3.7090052574773495,2.1565783083310355,0.0,0.47605671931113985,0.030495901364006227,7.53884805523831,0.12194260945225059,0.15352524222751476,0.04919349550789967,3.971819482306667,0.02748914331150945,0.8944271909999719,0.16269603560024778,0.06259535126509246
0.0001,0.0004,643.21,1592.15,1416.31,21.61,552.47,2388.23,9059.11,47.77,520.57,2388.12,8138.36,8.4679,395,38.76,23.196,643.042,1594.1439999999998,1417.806,21.61,552.196,2388.148,9056.538,47.71,520.6200000000001,2388.168,8137.610000000001,8.4631,394.6,38.618,23.148000000000003,0.22476654555311495,3.7657841148948656,2.2830746812061804,0.0,0.35281723314124513,0.05449770637353944,5.30794404642924,0.0703562363975101,0.14525839046702804,0.055856960177290436,3.9836980307285152,0.018074152815570746,0.8944271909999719,0.12275992831556042,0.05906818094372233
0.0,0.0001,643.6,1592.42,1423.17,21.61,552.13,2388.18,9064.31,47.92,520.84,2388.17,8137.42,8.4724,395,38.71,23.0906,643.192,1594.4180000000001,1418.712,21.61,552.272,2388.1580000000004,9059.632000000001,47.744,520.6140000000001,2388.174,8138.964,8.46092,394.4,38.626,23.133779999999998,0.30169521043570163,3.5266301195325243,3.3474796489242173,0.0,0.26195419447172,0.054954526655807086,4.0613322937105565,0.11886967653705588,0.13240090634539256,0.05366563146251385,1.215248945698222,0.01550312871650663,0.5477225575052705,0.12817956155347007,0.06334869375133509
0.0032,0.0005,643.36,1599.02,1416.32,21.61,553.24,2388.18,9066.69,47.82,520.65,2388.2,8131.76,8.478,394,38.49,23.1827,643.314,1595.99,1417.69,21.61,552.4219999999999,2388.178,9060.420000000002,47.788,520.6279999999999,2388.178,8137.376000000001,8.46228,394.4,38.588,23.14634,0.17501428513069966,3.462527978225228,3.0795373029020237,0.0,0.5127084941768624,0.033466401060432374,5.073618038433327,0.08927485648281283,0.1316054710149276,0.05495452665874848,3.341201879568363,0.016868520978455474,0.5477225575052705,0.13608820668980726,0.06607566117717181
-0.0008,0.0005,643.01,1599.91,1425.08,21.61,552.11,2388.14,9062.65,47.78,520.54,2388.13,8140.7,8.4716,395,38.51,23.1637,643.27,1596.52,1419.53,21.61,552.468,2388.178,9061.36,47.80800000000001,520.618,2388.1760000000004,8137.762,8.46958,394.6,38.588,23.16706,0.22259829289509409,3.8828275779375088,4.252710900115309,0.0,0.4594779646523172,0.033466401060432374,4.935088651675074,0.06760177512482975,0.13700364959036077,0.0568330889559317,3.640579624184486,0.007413636084992159,0.5477225575052705,0.13608820668980726,0.04522557904549396
0.0023,-0.0004,642.97,1598.76,1419.03,21.61,552.84,2388.19,9066.95,47.59,520.54,2388.18,8133.52,8.4814,394,38.55,23.2286,643.2300000000001,1596.452,1419.982,21.61,552.558,2388.184,9063.942,47.775999999999996,520.6279999999999,2388.16,8136.351999999999,8.474260000000001,394.6,38.604,23.17232,0.25990382836696385,3.828951553623033,3.998533481160098,0.0,0.4838078130837571,0.03209361307070419,3.2308079484605527,0.11970797801327318,0.12676750372656662,0.03391164991832381,3.646384510722745,0.005384050519892715,0.5477225575052705,0.12280065146425022,0.05144994655002255
0.0017,0.0003,643.22,1596.8,1419.4,21.61,552.97,2388.15,9064.38,48.02,520.45,2388.18,8139.87,8.4587,393,38.56,23.2079,643.2320000000001,1597.382,1420.6,21.61,552.658,2388.168,9064.996000000001,47.826,520.604,2388.172,8136.654,8.472420000000001,394.2,38.564,23.174699999999998,0.2597498796916068,2.997202028557868,3.4963766959463083,0.0,0.5119277292750642,0.02167948338720782,1.8056522366755827,0.16149303390558117,0.14976648490599764,0.025884358215760437,3.907451855114368,0.00867017877559258,0.8366600265341431,0.086486993242064,0.05306896456498968
-0.002,-0.0001,643.07,1595.81,1417.69,21.61,552.6,2388.17,9052.64,47.71,520.54,2388.16,8137.62,8.4544,394,38.63,23.1522,643.126,1598.06,1419.5040000000001,21.61,552.7520000000001,2388.1659999999997,9062.662,47.784000000000006,520.5440000000001,2388.1699999999996,8136.694,8.468820000000001,394.0,38.548,23.18702,0.1616477652174403,1.69441730396934,3.344985799664885,0.0,0.426813776723009,0.020736441351824494,5.873752633527434,0.15820872289487337,0.07092249291434463,0.026457513114986817,3.9182623699844696,0.011838580996077926,0.7071067811866254,0.0540370243449467,0.03138386528138329
0.0013,0.0005,643.66,1600.0,1414.28,21.61,551.57,2388.2,9055.47,47.76,520.4,2388.2,8142.67,8.497,396,38.72,23.134,643.186,1598.2559999999999,1419.096,21.61,552.418,2388.17,9060.418,47.772000000000006,520.494,2388.1699999999996,8138.876000000001,8.472620000000001,394.4,38.594,23.17728,0.28147824072168653,1.8797686027781293,3.907547824398413,0.0,0.5766021158486423,0.025495097566678802,6.089463851598301,0.15706686474245973,0.06542170894481249,0.026457513114986817,3.4990613026955226,0.017307859486393518,1.1401754250991913,0.08264381404586309,0.039553470138536544
-0.0,0.0003,642.97,1601.76,1425.73,21.61,552.42,2388.16,9059.8,47.76,520.82,2388.27,8133.14,8.4853,395,38.56,23.2298,643.1780000000001,1598.626,1419.226,21.61,552.48,2388.174,9059.848,47.767999999999994,520.55,2388.198,8137.364,8.47536,394.4,38.604,23.1905,0.28821866698701115,2.397494525539102,4.159114088355895,0.0,0.5513166059543554,0.020736441351681952,5.960324655581748,0.1570668647424589,0.16248076809635312,0.04266145802035778,4.096270254760082,0.01816901208103432,1.1401754250991913,0.07231873892737006,0.044603811496328374
0.0038,0.0006,643.02,1591.53,1417.58,21.61,552.35,2388.11,9057.3,47.91,520.59,2388.19,8133.19,8.4953,395,38.77,23.1862,643.1879999999999,1597.1799999999998,1418.9360000000001,21.61,552.382,2388.1580000000004,9057.918,47.83200000000001,520.5600000000001,2388.2,8137.298,8.47814,394.6,38.648,23.18202,0.27994642344522624,3.96461221306598,4.226207519746437,0.0,0.5135854359317172,0.032710854466482496,4.459015586424463,0.1291123541727536,0.16324827717671417,0.04183300133191302,4.175580199210033,0.020266548793536572,1.1401754250991913,0.09471008394060139,0.03925980132400142
0.002,-0.0002,643.41,1596.17,1421.04,21.61,551.95,2388.25,9061.55,47.78,520.67,2388.17,8135.94,8.4642,393,38.68,23.1132,643.226,1597.0539999999999,1419.2640000000001,21.61,552.178,2388.178,9057.351999999999,47.784000000000006,520.604,2388.1979999999994,8136.512,8.47924,394.6,38.672000000000004,23.16308,0.2977079105428204,3.989640334665775,4.333500894191718,0.0,0.41469265727944415,0.051672042730412565,3.5129574435211532,0.07503332592939654,0.1556598856516939,0.043243496625753115,3.9332518353192065,0.019061033550172704,1.1401754250991913,0.08105553651682665,0.04592964184489311
-0.0046,0.0005,643.58,1602.79,1418.65,21.61,552.53,2388.22,9058.19,48.04,519.85,2388.2,8135.95,8.4983,395,38.67,23.1698,643.328,1598.45,1419.456,21.61,552.164,2388.188,9058.462,47.85,520.466,2388.2059999999997,8136.178,8.48802,394.8,38.68,23.1666,0.31760037783319084,4.617331480410526,4.267086828265856,0.0,0.3977184934114847,0.05449770637316551,2.3292852981047893,0.12328828005950297,0.3762047314977848,0.03781534080857086,3.886266846222068,0.014266288935841151,1.0954451150103854,0.07778174593070596,0.04556028972691188
-0.0051,0.0004,642.99,1588.33,1415.26,21.61,552.24,2388.16,9059.83,47.79,520.45,2388.17,8137.55,8.487,396,38.52,23.1557,643.1940000000001,1596.116,1419.652,21.61,552.298,2388.18,9059.333999999999,47.856,520.476,2388.2,8135.1539999999995,8.48602,394.8,38.64,23.170939999999998,0.28183328405244457,6.285958956276542,3.982947401103807,0.0,0.2212916627469257,0.05522680508529682,1.6446671395598347,0.11844830095881781,0.37467319092951057,0.04123105626138097,1.930396332376744,0.013365141226372392,1.0954451150103854,0.10024968827900643,0.04261699191637258
0.0001,0.0004,643.67,1601.06,1411.82,21.61,551.98,2388.19,9059.33,48.06,520.42,2388.21,8140.55,8.4659,396,38.58,23.1506,643.334,1595.976,1416.87,21.61,552.21,2388.186,9059.24,47.916,520.396,2388.1879999999996,8136.636,8.482140000000001,395.0,38.644000000000005,23.155099999999997,0.31469032396912056,6.134808880478113,3.505567001209385,0.0,0.2466779276738211,0.05412947441029846,1.6246845847579157,0.1327780102277244,0.321838468802942,0.017888543829990534,2.6918729539193955,0.016151872956435345,1.224744871391637,0.09659192512853827,0.027200735284180974
0.0019,0.0,642.61,1601.72,1417.33,21.61,552.22,2388.23,9060.6,47.91,520.48,2388.2,8140.41,8.5227,393,38.52,23.1811,643.252,1598.014,1416.82,21.61,552.184,2388.21,9059.9,47.916000000000004,520.374,2388.19,8138.079999999999,8.487620000000001,394.6,38.594,23.15408,0.44386935014683115,5.97919141690497,3.4946745198899927,0.0,0.23479778534197515,0.035355339058808874,1.2714558584305304,0.1327780102277244,0.3087555667537929,0.018708286943690016,2.2873128338795166,0.024317216123580246,1.5165750888103524,0.0779743547587789,0.025802654902162974
-0.0012,-0.0,644.01,1596.42,1419.54,21.61,552.05,2388.22,9058.96,47.83,520.42,2388.17,8133.3,8.5006,397,38.57,23.1864,643.372,1598.0639999999999,1416.52,21.61,552.204,2388.2039999999997,9059.382000000001,47.926,520.324,2388.1899999999996,8137.552000000001,8.4949,395.4,38.572,23.16872,0.5625122220892438,5.960933651701728,3.0818419816676714,0.0,0.2131431443923874,0.028809720581014702,0.9063498220593444,0.12136721138773139,0.2661390613974837,0.018708286943690016,3.0741698066361494,0.020738249685087074,1.5165750888103524,0.0614003257324633,0.01553116222309408
0.0001,0.0004,643.29,1598.8,1420.23,21.61,552.13,2388.22,9060.21,47.9,520.1,2388.13,8137.02,8.477,394,38.68,23.2111,643.314,1597.266,1416.836,21.61,552.124,2388.204,9059.786,47.897999999999996,520.374,2388.1760000000004,8137.7660000000005,8.490639999999999,395.2,38.574,23.176979999999997,0.5505270202267711,5.411873982271923,3.417561996506942,0.0,0.11058933041487616,0.028809720581014702,0.6585058845149274,0.10329569206909393,0.15517731793484796,0.03130495168957827,2.9702575645945664,0.022013700279620105,1.643167672515537,0.06542170893558374,0.024589774297460093
0.0004,0.0003,643.41,1599.61,1429.36,21.61,552.03,2388.19,9065.03,48.01,520.77,2388.24,8137.94,8.4957,395,38.62,23.1601,643.398,1599.5220000000002,1419.656,21.61,552.082,2388.21,9060.826,47.94199999999999,520.438,2388.19,8137.844,8.49238,395.0,38.594,23.17786,0.5199230712324413,2.082551319892792,6.350663744834995,0.0,0.09418067743273359,0.018708286932906232,2.4404979000045937,0.09203260291893883,0.23815961034852035,0.041833001331021635,2.96828738501355,0.021997886262115532,1.581138830084229,0.059833101207012525,0.02370048522710104
0.0006,-0.0003,643.27,1589.75,1419.74,21.61,551.78,2388.18,9056.22,48.02,519.81,2388.22,8134.29,8.5477,396,38.71,23.1279,643.318,1597.2599999999998,1421.24,21.61,552.042,2388.2079999999996,9060.204000000002,47.934,520.316,2388.192,8136.592,8.50874,395.0,38.62,23.17332,0.497915655507824,4.606826456465533,4.673933033319783,0.0,0.16452963259478645,0.02167948338777941,3.196361994508592,0.08018728078713427,0.3696349550590832,0.04324349662514844,2.859802440736557,0.02718681665810178,1.581138830084229,0.07778174593080357,0.031211728564756392
0.0011,-0.0001,643.54,1598.75,1428.35,21.61,551.92,2388.26,9060.24,47.85,520.25,2388.26,8135.72,8.5108,394,38.74,23.1159,643.504,1596.666,1423.444,21.61,551.982,2388.214,9060.132,47.922000000000004,520.27,2388.204,8135.654,8.506359999999999,395.2,38.664,23.16028,0.3027870538840677,4.045235469041545,4.958793199958288,0.0,0.13553597309165583,0.031304951684691676,3.1892585345092526,0.08871302046505843,0.35825968235566436,0.05319774431721716,1.9038067128920824,0.02616071482206103,1.3038404810405757,0.06877499545646708,0.03963271376022652
-0.0007,0.0002,643.46,1602.5,1431.13,21.61,551.78,2388.23,9059.36,48.0,520.33,2388.25,8130.65,8.494,394,38.54,23.0676,643.394,1597.882,1425.7620000000002,21.61,551.928,2388.216,9060.212,47.956,520.2520000000001,2388.2200000000003,8135.124000000001,8.50504,394.6,38.658,23.136519999999997,0.11414902540015903,4.796808313867628,5.369503701455846,0.0,0.1541752249942202,0.03209361307155789,3.1573675744103467,0.07635443667551865,0.35102706448592647,0.05244044241351131,2.85447543343054,0.02668525810257766,0.8944271909999818,0.07949842765764699,0.053309586379939065
-0.0019,-0.0003,643.2,1601.54,1425.23,21.61,552.25,2388.16,9060.7,48.17,519.86,2388.24,8133.9,8.5343,395,38.63,23.1645,643.376,1598.4299999999998,1426.762,21.61,551.952,2388.204,9060.310000000001,48.010000000000005,520.204,2388.242,8134.5,8.516499999999999,394.8,38.648,23.1272,0.13903237033081758,5.076273239295583,4.472311482885097,0.0,0.1969009903529485,0.040373258475861505,3.164885463952266,0.11335784048771881,0.39112657797911904,0.014832396995754754,2.671544497114629,0.02377845663623648,0.8366600265341431,0.07918333157956763,0.03922384478860116
0.0007,-0.0003,643.55,1599.82,1424.68,21.61,552.03,2388.2,9051.53,47.85,519.68,2388.21,8134.72,8.4871,396,38.74,23.1227,643.404,1598.472,1425.826,21.61,551.952,2388.206,9057.61,47.978,519.9860000000001,2388.236,8133.856,8.514779999999998,395.0,38.672000000000004,23.119719999999997,0.16009372254964221,5.089329032395964,4.278169000863342,0.0,0.1969009903529485,0.039749213828268445,3.8218451041318016,0.13405222862763957,0.28658332122067537,0.020736441368031086,1.9163585259732163,0.02587753852284526,1.0000000000000568,0.08642916174553401,0.034684751692931455
0.0048,-0.0003,643.84,1594.08,1421.7,21.61,552.36,2388.21,9058.36,48.01,520.28,2388.23,8136.72,8.5343,392,38.49,23.1607,643.518,1599.3380000000002,1426.218,21.61,552.068,2388.212,9058.038,47.976,520.08,2388.238,8134.342,8.5121,394.2,38.628,23.126279999999998,0.22895414387995566,3.281450898609821,3.620327333259674,0.0,0.23700210969891916,0.03701351104637409,3.746347554614934,0.13334166640640402,0.2914618328388506,0.019235384077725893,2.319637902791221,0.02202260202612959,1.4832396974191682,0.11388590782025315,0.03939989847702982
0.0007,-0.0002,642.95,1595.53,1419.81,21.61,552.31,2388.22,9063.35,47.84,520.19,2388.21,8134.14,8.4536,397,38.77,23.1548,643.4,1598.694,1424.51,21.61,552.146,2388.204,9058.66,47.974000000000004,520.068,2388.228,8134.026,8.50066,394.8,38.634,23.134059999999998,0.3399264626353923,3.7132573301601774,4.311548445738713,0.0,0.24027068069488425,0.02701851217135173,4.403822203491274,0.13575713609249654,0.2838485511708579,0.017888543835703943,2.188922109182666,0.034300772586066425,1.92353840616716,0.12177848742714063,0.04065836937212625
-0.0029,0.0005,643.6,1599.86,1419.89,21.61,551.68,2388.21,9054.64,48.03,519.98,2388.24,8138.17,8.4727,394,38.59,23.1223,643.428,1598.1659999999997,1422.262,21.61,552.126,2388.2,9057.716,47.98,519.998,2388.2259999999997,8135.530000000001,8.4964,394.8,38.644,23.145,0.3516674565549171,3.1872056726839926,2.579257645129235,0.0,0.2793385043305539,0.023452078797980867,4.711404249263081,0.13784048752103645,0.24335159749190605,0.015165750906193437,1.8459956663144945,0.036581552728129914,1.92353840616716,0.11392980294918614,0.02082882617912426
0.0001,0.0002,643.53,1595.77,1422.42,21.61,551.64,2388.22,9065.05,47.97,520.35,2388.17,8138.01,8.4638,395,38.81,23.089,643.494,1597.012,1421.7,21.61,552.004,2388.212,9058.586000000001,47.94,520.096,2388.212,8136.352000000001,8.4823,394.8,38.68,23.1299,0.32837478587704,2.661366190510201,2.0153783763747937,0.0,0.3385705244138327,0.008366600263145453,5.698423466184651,0.0894427191001835,0.27097970404031296,0.02683281573873735,1.853771830631485,0.031563982638453926,1.92353840616716,0.13490737563244537,0.028944170397514003
-0.0013,-0.0003,643.06,1598.2,1430.6,21.61,551.16,2388.28,9059.48,48.03,520.36,2388.25,8136.6,8.5017,397,38.67,23.0181,643.396,1596.6879999999999,1422.884,21.61,551.8299999999999,2388.228,9060.176,47.976,520.2320000000001,2388.2200000000003,8136.728,8.485220000000002,395.0,38.666000000000004,23.10898,0.3770013262574147,2.3093873646470344,4.460025784673798,0.0,0.5046781152399774,0.029495762407582494,4.130972040567986,0.07987490219109222,0.15642889759131787,0.03162277660988089,1.615323497024301,0.03277128316072904,2.121320343559667,0.13069047402177555,0.05833144092168825
0.0029,0.0001,643.74,1597.08,1422.35,21.61,551.64,2388.27,9054.05,47.85,520.37,2388.23,8136.31,8.5224,396,38.49,23.065,643.376,1597.288,1423.014,21.61,551.6859999999999,2388.2400000000002,9059.313999999998,47.944,520.25,2388.22,8136.645999999999,8.48284,395.8,38.66600000000001,23.08984,0.34918476484498867,1.7947896812691073,4.426232031870312,0.0,0.4093653624849468,0.03240370349243611,4.969268557842886,0.0937016542011658,0.16807736314453822,0.03162277660988089,1.6262010945881697,0.028464943351438794,1.303840481040569,0.13069047402177555,0.052530495904765835
0.0034,0.0002,643.43,1595.87,1424.07,21.61,551.54,2388.26,9055.03,48.01,520.09,2388.23,8130.87,8.4875,395,38.62,23.1047,643.472,1597.356,1423.866,21.61,551.5319999999999,2388.248,9057.65,47.977999999999994,520.23,2388.2239999999997,8135.992,8.489619999999999,395.4,38.636,23.07982,0.25645662401234426,1.7162546431080579,4.049262895880233,0.0,0.21428952378201996,0.0311448230054455,4.663512624618734,0.07563068160499803,0.1823458252925974,0.03130495169365201,2.9800033557109034,0.02333403094196904,1.1401754250991836,0.11738824472681371,0.040425326220090284
-0.0067,-0.0003,643.25,1598.29,1419.61,21.61,552.08,2388.26,9054.6,48.1,520.05,2388.24,8127.99,8.5346,395,38.49,23.1502,643.402,1597.042,1423.81,21.61,551.6119999999999,2388.2580000000003,9057.642,47.992000000000004,520.244,2388.2239999999997,8133.956,8.502,395.6,38.616,23.0854,0.260518713339077,1.2136185562155972,4.119326401240007,0.0,0.32790242451465434,0.022803508503396602,4.669996788004992,0.09230384607391633,0.15962455951899657,0.03130495169365201,4.303589199734611,0.028055748074164975,0.8944271909999818,0.13446189051194454,0.04881070579289716
0.0048,0.0002,643.53,1595.27,1435.9,21.61,551.73,2388.16,9056.9,47.88,520.05,2388.23,8127.82,8.5257,396,38.57,23.1584,643.4019999999999,1596.9419999999998,1426.5059999999999,21.61,551.6299999999999,2388.246,9056.012,47.974000000000004,520.184,2388.236,8131.918,8.51438,395.8,38.568,23.09928,0.260518713339077,1.3567866449781592,6.628901115565511,0.0,0.332264954520568,0.04878524367089832,2.2148972888136327,0.10549881515939573,0.16607227342842817,0.00894427194391019,4.316592406064676,0.019265435370146588,0.8366600265341431,0.07949842765775395,0.058912451994469164
0.0042,0.0005,643.51,1595.73,1429.46,21.61,551.58,2388.22,9062.39,48.0,519.61,2388.23,8130.9,8.4974,396,38.65,23.0714,643.492,1596.4479999999999,1426.2779999999998,21.61,551.714,2388.234,9056.594000000001,47.967999999999996,520.034,2388.232,8130.778,8.51352,395.6,38.564,23.10994,0.1772568757475153,1.227770336826975,6.470600435813255,0.0,0.2167487024237444,0.04560701700382558,3.4125254577784174,0.10232301793846806,0.27217641338252885,0.004472136020520519,3.433259384332314,0.020052855158337473,0.5477225575052705,0.07334848328394854,0.04330598111116476
0.005,-0.0004,643.64,1601.55,1424.33,21.61,551.74,2388.3,9052.33,47.84,519.88,2388.23,8129.19,8.521,396,38.6,23.1146,643.472,1597.342,1426.6739999999998,21.61,551.734,2388.2400000000002,9056.25,47.965999999999994,519.936,2388.232,8129.353999999999,8.51324,395.6,38.586,23.11986,0.14498275759476448,2.6298517068439105,6.226076613722763,0.0,0.21279097725782004,0.05291502622146821,3.798006055812747,0.1052615789356958,0.19944924166772574,0.004472136020520519,1.494064925001154,0.019907109282898468,0.5477225575052705,0.061073725938831716,0.03539672301217233
-0.0017,-0.0003,643.51,1595.34,1414.68,21.61,551.4,2388.18,9055.41,48.05,519.97,2388.21,8132.31,8.5269,396,38.58,23.1377,643.488,1597.236,1424.7959999999998,21.61,551.706,2388.2239999999997,9056.326,47.974000000000004,519.912,2388.228,8129.642,8.52112,395.8,38.578,23.12646,0.14359665734190385,2.7133705976128857,8.283974287740849,0.0,0.2505593742057852,0.05727128425269701,3.7711974225688576,0.11081516141772284,0.18281137820672766,0.010954451175850125,1.9335123480640584,0.01413106506960638,0.4472135955000803,0.05805170109525764,0.03493691457470663
-0.0021,0.0005,643.13,1599.45,1427.73,21.61,551.84,2388.27,9046.41,48.06,519.88,2388.28,8128.72,8.5199,394,38.43,23.0834,643.4639999999999,1597.468,1426.42,21.61,551.658,2388.2259999999997,9054.688,47.966,519.878,2388.236,8129.7880000000005,8.51818,395.6,38.565999999999995,23.1131,0.19437077969639865,2.871031173635985,7.794610317388897,0.0,0.17152259327122235,0.05899152481464947,5.8911051594767345,0.10039920318426603,0.16574076143745528,0.02607680963265539,1.8005749082208184,0.011992789500420193,0.8944271909999818,0.082036577208314,0.03633345565729346
0.0051,-0.0001,643.38,1606.06,1427.02,21.61,551.12,2388.26,9055.44,47.87,519.64,2388.28,8134.27,8.5265,395,38.52,23.2141,643.434,1599.6259999999997,1424.644,21.61,551.5360000000001,2388.246,9054.395999999999,47.964,519.796,2388.246,8131.0779999999995,8.51834,395.4,38.556,23.12424,0.19320973060332164,4.4350231115501195,5.868187965628855,0.0,0.2861468154684511,0.0466904701201017,5.789359204611352,0.10261578825909615,0.16071714283775707,0.03209361308234551,2.2838060338170005,0.012122829702730074,0.8944271909999818,0.08443932733067883,0.05658818781336193
0.0015,0.0004,643.56,1601.27,1427.91,21.61,551.6,2388.29,9055.79,48.1,519.84,2388.24,8134.41,8.4978,397,38.55,23.0823,643.444,1600.734,1424.334,21.61,551.54,2388.2599999999998,9053.076,47.983999999999995,519.842,2388.248,8131.780000000001,8.51842,395.6,38.536,23.126420000000003,0.19932385707636008,3.875026451520143,5.584239428960077,0.0,0.28705400189290003,0.047434164903502364,3.9810149459707898,0.11970797801331515,0.12255610960659215,0.03114482301589193,2.7142954887206705,0.011950188283094578,1.1401754250991836,0.06655824516963632,0.05420338550312433
0.0028,0.0003,642.93,1588.56,1418.51,21.61,551.78,2388.28,9060.92,48.09,520.18,2388.22,8138.68,8.5318,397,38.36,23.0794,643.3019999999999,1598.136,1423.17,21.61,551.548,2388.2560000000003,9054.794,48.034,519.9019999999999,2388.246,8133.678,8.520579999999999,395.8,38.488,23.11938,0.2664019519446727,6.592717952406894,6.161968029773981,0.0,0.29448259711350516,0.04393176527383432,5.234694833513613,0.09396807968687274,0.1967739820247372,0.03286335346071384,3.6179925373145347,0.013418904575317091,1.303840481040569,0.09093954035550592,0.05825673351639586
0.0017,0.0003,644.05,1596.94,1430.19,21.61,551.22,2388.23,9068.38,48.06,519.98,2388.27,8133.13,8.5177,397,38.46,23.017,643.4100000000001,1598.4560000000001,1426.2720000000002,21.61,551.512,2388.2660000000005,9057.388,48.036,519.904,2388.258,8133.842,8.51874,396.0,38.464,23.095239999999997,0.4306390600024909,6.4605827910481155,4.499102132642211,0.0,0.32637401857801746,0.02302172886875507,8.064798199581121,0.09449867723962373,0.19768662069515205,0.026832815743933855,3.558576962784656,0.012958510716954424,1.4142135623731316,0.07503332592971874,0.07212442720743427
-0.0017,0.0002,643.19,1604.98,1433.39,21.61,551.46,2388.25,9059.03,48.25,519.56,2388.27,8134.79,8.502,396,38.68,23.1285,643.4219999999999,1599.562,1427.404,21.61,551.4359999999999,2388.262,9059.912,48.074,519.8399999999999,2388.256,8135.056,8.51516,396.4,38.513999999999996,23.10426,0.421627797944832,7.1136291722287694,5.547538192742944,0.0,0.2703331278309689,0.023874672774604904,5.2557273521300605,0.13575713609250692,0.2517935662440926,0.02509980081065804,2.1182964853972748,0.014887007758489416,0.8944271909999719,0.11781341180046487,0.07308722870652908
-0.0004,-0.0,643.94,1608.12,1432.04,21.61,551.11,2388.3,9059.52,48.16,519.2,2388.27,8130.88,8.5197,396,38.48,23.0948,643.534,1599.974,1428.4080000000001,21.61,551.434,2388.27,9060.728,48.132,519.7520000000001,2388.254,8134.378,8.5138,396.6,38.506,23.080399999999997,0.4782572529504766,7.625311796902647,5.903509125929879,0.0,0.2732764168436076,0.029154759476350527,4.672159029818849,0.07529940238833625,0.3822564584175994,0.023021728882156596,2.8491876035204964,0.013867768385767245,0.5477225575052705,0.1186591757938145,0.04045101976465565
0.0011,-0.0004,643.54,1598.68,1428.15,21.61,551.54,2388.33,9055.6,48.11,519.35,2388.23,8135.48,8.4911,395,38.48,23.0828,643.53,1599.456,1428.4560000000001,21.61,551.422,2388.2780000000002,9060.69,48.134,519.654,2388.252,8134.592,8.51246,396.2,38.492,23.080499999999997,0.4780690326717889,7.603201957069414,5.899422005581324,0.0,0.26536766947556806,0.03962322551412963,4.722859303421908,0.074363969770586,0.41542749066718704,0.024899799210233494,2.8920529040894034,0.015965368771226722,0.8366600265341431,0.1162755348302899,0.04045750857381806
0.0068,0.0005,643.84,1602.45,1429.38,21.61,550.82,2388.22,9053.05,48.43,519.09,2388.27,8127.27,8.5395,398,38.3,23.0611,643.712,1602.234,1430.63,21.61,551.23,2388.266,9059.115999999998,48.202,519.436,2388.262,8132.31,8.514,396.4,38.480000000000004,23.076839999999997,0.3480948146691928,4.552184091178083,2.0923790287439963,0.0,0.2879236009833656,0.04722287581362695,5.812721393627656,0.14549914089108307,0.3514683485070137,0.0178885438413951,3.328595800045151,0.018471870506294473,1.1401754250991913,0.13490737563258803,0.04139870770930579
-0.0026,-0.0003,644.01,1601.01,1423.61,21.61,550.75,2388.28,9061.24,48.12,519.48,2388.22,8129.61,8.4922,397,38.37,23.0289,643.7040000000001,1603.048,1429.3139999999999,21.61,551.1360000000001,2388.276,9057.688,48.214,519.336,2388.252,8131.606,8.5089,396.4,38.462,23.07922,0.3387181719358985,3.641712509242369,3.8059072505689695,0.0,0.35976381141435876,0.04277849927409476,3.3032060183938667,0.1327780102277633,0.1937266114975755,0.02489979921005086,3.480578974838334,0.020593324161027854,1.1401754250991913,0.1439444337238345,0.03723072655751578
0.0,-0.0002,641.73,1582.64,1401.58,21.61,555.37,2387.98,9064.54,47.09,522.39,2387.99,8148.75,8.383,391,38.84,23.4584,641.73,1582.64,1401.58,21.61,555.37,2387.98,9064.54,47.09,522.39,2387.99,8148.75,8.383,391.0,38.84,23.4584,0.0,0.0,0.0,0.0,0.0,0.0,0.0,0.0,0.0,0.0,0.0,0.0,0.0,0.0,0.0
-0.0025,0.0001,642.07,1585.1,1395.89,21.61,554.94,2387.99,9060.04,47.32,522.48,2387.98,8145.71,8.4002,392,39.1,23.5238,641.9000000000001,1583.87,1398.7350000000001,21.61,555.155,2387.9849999999997,9062.29,47.205,522.435,2387.9849999999997,8147.23,8.3916,391.5,38.97,23.491100000000003,0.2404163056034085,1.7394826817188522,4.023437584951414,0.0,0.30405591591013986,0.007071067811859044,3.181980515339464,0.16263455967290624,0.06363961030685199,0.0070710678115374894,2.149604614806757,0.012162236636408533,0.7071067811865476,0.18384776310850345,0.0462447834895992
-0.0038,0.0003,641.86,1588.69,1394.02,21.61,554.86,2388.0,9057.61,47.23,522.57,2387.98,8143.7,8.3877,391,39.0,23.478,641.8866666666667,1585.4766666666667,1397.1633333333332,21.61,555.0566666666667,2387.99,9060.730000000001,47.21333333333333,522.48,2387.983333333333,8146.053333333333,8.3903,391.3333333333333,38.98,23.486733333333333,0.1715614564327661,3.0425373183140385,3.937566930648116,0.0,0.27428695436220935,0.010000000000161435,3.5161484610298137,0.11590225767142484,0.09000000000006025,0.005773502691595639,2.5424463285057803,0.008889881888979026,0.5773502691896216,0.131148770486041,0.033563273578918175
0.0023,-0.0,641.99,1584.03,1400.45,21.61,554.45,2388.01,9068.18,47.27,522.3,2388.06,8142.17,8.379,392,38.79,23.4673,641.9125,1585.115,1397.9850000000001,21.61,554.905,2387.995,9062.5925,47.2275,522.435,2388.0025,8145.0825,8.387475,391.5,38.932500000000005,23.481875000000002,0.14930394055971496,2.587386068345207,3.610655526816898,0.0,0.377049952481913,0.0129099444876105,4.702959174817343,0.0987842767515838,0.1161895003862636,0.038622100754311724,2.8424329367638235,0.009198324122723023,0.5773502691896257,0.14314910641239303,0.02907592073635268
0.0047,0.0004,642.32,1579.79,1399.32,21.61,554.39,2387.99,9062.71,47.16,522.72,2388.01,8145.3,8.3988,390,38.94,23.3646,641.994,1584.05,1398.252,21.61,554.802,2387.9939999999997,9062.616,47.214,522.492,2388.004,8145.125999999999,8.38974,391.2,38.934000000000005,23.45842,0.22345021816945665,3.2698700279980835,3.183405409306192,0.0,0.39958728708501556,0.011401754251205357,4.073221084105171,0.09071934744033487,0.16238842323274308,0.033615472628072164,2.463540135658408,0.009439703385170497,0.836660026534073,0.12401612798341984,0.058178535560807064
-0.0005,-0.0002,642.26,1578.0,1398.33,21.61,554.55,2387.96,9056.97,47.17,522.64,2388.03,8140.26,8.3997,392,38.91,23.2786,642.1,1583.1219999999998,1397.602,21.61,554.638,2387.9900000000002,9061.102,47.230000000000004,522.542,2388.012,8143.428,8.393080000000001,391.4,38.948,23.42246,0.19013153341816505,4.274244962563559,2.6150659647512415,0.0,0.24752777621911748,0.01870828693391498,4.557386312350622,0.06745368781616325,0.1616168308067646,0.034205262753168764,2.258576985626128,0.009413129129040741,0.8944271909999163,0.11432410069622359,0.09925798708416288
0.0016,-0.0001,641.85,1582.53,1398.36,21.61,555.13,2388.0,9061.69,47.04,522.16,2388.01,8135.09,8.3652,392,38.94,23.4544,642.0559999999999,1582.608,1398.096,21.61,554.676,2387.992,9061.432,47.174,522.4780000000001,2388.018,8141.304000000001,8.38608,391.4,38.916,23.40858,0.22165288177679496,4.128973237985429,2.43812017751382,0.0,0.31173706869727236,0.019235384061743983,4.520853901643028,0.08734987120769055,0.2377393530739464,0.029495762407798012,3.9421605751160986,0.014457074392835886,0.8944271909999163,0.07765307463326576,0.08543372870242558
-0.0045,0.0004,642.17,1575.42,1397.17,21.61,554.52,2388.04,9062.38,47.0,522.05,2388.0,8139.57,8.403,391,39.1,23.2782,642.118,1579.954,1398.726,21.61,554.608,2388.0,9062.386,47.128,522.374,2388.022,8140.478,8.38914,391.4,38.936,23.36862,0.19485892332641794,3.451511263200364,1.2285072242357913,0.0,0.29836219599670977,0.02915475947427895,3.984122237080673,0.10848963084092444,0.29441467354737294,0.023874672773091427,3.742227946023613,0.016377362425006033,0.8944271909999163,0.11058933040759399,0.09136668977258246
-0.0026,0.0002,642.02,1585.46,1396.68,21.61,554.13,2388.02,9066.0,47.23,522.41,2388.0,8141.06,8.3675,391,38.91,23.3556,642.124,1580.24,1397.9720000000002,21.61,554.5440000000001,2388.002,9061.95,47.12,522.396,2388.0099999999998,8140.255999999999,8.38684,391.2,38.959999999999994,23.34628,0.19034179782677568,3.9033639338395134,1.0497952181256809,0.0,0.3671239572678161,0.03033150177623952,3.241643101885154,0.09617692030835528,0.2915990397789538,0.012247448714217261,3.6485106550481996,0.018787575681816878,0.836660026534073,0.07968688725254927,0.07302035332699396
0.0002,-0.0005,641.57,1580.98,1395.96,21.6,554.8,2388.0,9057.55,47.1,522.84,2387.94,8146.73,8.4018,391,39.05,23.6184,641.9739999999999,1580.478,1397.3,21.607999999999997,554.626,2388.004,9060.918,47.108000000000004,522.42,2387.996,8140.5419999999995,8.38744,391.4,38.982,23.397039999999997,0.27428087793348765,3.9053450551774644,1.0465896999299837,0.0044721359549988885,0.3699053933102074,0.029664793948389202,3.7245899103129716,0.0936482781475439,0.32764309850813733,0.03361547262778977,4.162579728965891,0.01930577633766632,0.5477225575051635,0.08757853618324987,0.14331667034926393
-0.0031,-0.0005,641.96,1585.18,1397.2,21.61,554.36,2388.0,9057.97,47.31,521.94,2387.95,8143.87,8.3901,391,39.03,23.3743,641.914,1581.914,1397.074,21.607999999999997,554.588,2388.0119999999997,9061.117999999999,47.136,522.28,2387.9800000000005,8141.264,8.38552,391.2,39.006,23.41618,0.22434348664489628,4.082423299952986,0.8768010036488127,0.0044721359549988885,0.3889344417764682,0.017888543820069432,3.4782998720646194,0.13049904214207955,0.35825968235345684,0.0324037034915666,4.407321181851552,0.018229015332705246,0.4472135954999492,0.07893034904269132,0.12924400179505344
-0.0037,-0.0005,642.48,1590.69,1401.2,21.61,554.19,2388.02,9063.7,47.19,522.25,2387.96,8141.06,8.3848,390,39.11,23.465,642.0400000000001,1583.546,1397.642,21.607999999999997,554.4,2388.016,9061.519999999999,47.166,522.298,2387.97,8142.4580000000005,8.389439999999999,390.8,39.04,23.4183,0.33098338326866716,5.700577163761506,2.05134589964727,0.0044721359549988885,0.2706473720544095,0.016733200530871812,3.671709411160346,0.11970797801316516,0.3529447548838199,0.02828427124663698,2.8501350845174485,0.014491135221231048,0.4472135954999492,0.08000000000000941,0.13011168279597252
-0.0013,0.0004,641.91,1587.03,1395.05,21.61,554.84,2388.01,9069.0,47.08,522.48,2387.97,8144.88,8.4022,392,39.13,23.4688,641.988,1585.868,1397.218,21.607999999999997,554.464,2388.01,9062.844000000001,47.182,522.384,2387.964,8143.5199999999995,8.38928,391.0,39.046,23.45642,0.32583738275402596,3.50479243322612,2.367956925283858,0.0044721359549988885,0.3360505914292642,0.009999999999993745,5.009284380028139,0.09471008394041577,0.3289832822500143,0.023021728865195414,2.4687749998730317,0.01430723593151406,0.7071067811865425,0.08648699324176834,0.10413064870632333
-0.0016,-0.0001,641.88,1586.63,1392.92,21.61,554.91,2388.05,9063.69,47.28,522.74,2387.91,8145.15,8.4291,391,38.95,23.4104,641.96,1586.102,1396.466,21.607999999999997,554.62,2388.016,9062.382,47.192,522.45,2387.946,8144.338000000001,8.4016,391.0,39.053999999999995,23.46738,0.3284052374734704,3.5097962903848106,3.0734638439388706,0.0044721359549988885,0.32303250610413164,0.020736441353563794,4.744994204421909,0.10329569206893827,0.366469644036156,0.023021728864795414,2.099945237381078,0.01711096139905833,0.7071067811865425,0.0712741187248323,0.09317366580745692
0.0,-0.0003,641.95,1592.11,1397.32,21.61,554.35,2388.01,9057.31,47.1,522.36,2388.02,8143.4,8.4285,391,39.18,23.4827,642.0360000000001,1588.328,1396.7379999999998,21.61,554.53,2388.018,9062.333999999999,47.192,522.354,2387.962,8143.6720000000005,8.40694,391.0,39.08,23.440240000000003,0.25025986494040453,2.9308906496144136,3.0776646990859162,0.0,0.3230325061041752,0.019235384061946408,4.806904409284241,0.10329569206893827,0.29458445308602565,0.039623225511614533,1.6263056293328557,0.020929237922104958,0.7071067811865425,0.09055385138138489,0.04601655137012879
0.0022,-0.0004,642.63,1582.57,1392.57,21.61,554.8,2388.0,9061.83,47.05,521.74,2388.03,8145.17,8.3906,393,38.96,23.4677,642.17,1587.806,1395.812,21.61,554.618,2388.018,9063.106,47.14,522.3140000000001,2387.978,8143.932000000001,8.40704,391.4,39.066,23.45892,0.3563004350263546,3.7497573254809256,3.56228437943956,0.0,0.3250692233969926,0.019235384061946408,4.20282405056286,0.09407443861113482,0.3690257443593741,0.04868264577823581,1.7639642853527353,0.020829618335439712,1.1401754250991398,0.10454664030948814,0.027979224435277995
0.002,-0.0003,641.77,1571.06,1397.03,21.61,554.75,2387.92,9053.68,47.21,522.73,2387.98,8144.86,8.3977,390,38.98,23.4522,642.028,1583.8799999999999,1394.978,21.61,554.73,2387.998,9061.102,47.14399999999999,522.4100000000001,2387.982,8144.692,8.40962,391.4,39.04,23.45636,0.3431034829318844,7.926007822352933,2.221186619804426,0.0,0.22034064536514236,0.04764451699814641,5.896428580081249,0.0971081870904837,0.40853396431631517,0.04764451699800244,0.7367292582767886,0.017991859270239354,1.1401754250991398,0.10700467279516718,0.02786921240364846
-0.0017,-0.0001,642.22,1583.64,1392.33,21.61,554.66,2388.0,9064.23,47.05,522.89,2387.99,8148.94,8.4178,391,38.95,23.3059,642.09,1583.202,1394.434,21.61,554.694,2387.996,9060.148,47.138,522.492,2387.986,8145.503999999999,8.41274,391.2,39.004000000000005,23.42378,0.3444560929929785,7.731802506531071,2.5130519294272493,0.0,0.2124382263151474,0.047222875812290205,4.525673430552104,0.10281050529980061,0.46354072097282945,0.04722287581219912,2.054538877704686,0.01773423243335087,1.095445115010332,0.09914635646356057,0.07120910756356866
-0.0011,-0.0002,641.87,1587.92,1394.24,21.6,554.38,2388.03,9064.01,47.17,522.5,2388.04,8141.87,8.3713,390,39.0,23.3893,642.088,1583.46,1394.6979999999999,21.608,554.588,2387.992,9060.212,47.116,522.4440000000001,2388.012,8144.848,8.40118,391.0,39.013999999999996,23.41956,0.346005780298523,7.894596253134162,2.380056722012791,0.0044721359549988885,0.20992855927654006,0.042071367935655274,4.5900893237500515,0.07197221686178523,0.4434298140630652,0.02588435821043648,2.636924344762273,0.022580234719773544,1.224744871391589,0.09476286192385587,0.07280754081824178
0.0016,-0.0005,641.97,1587.51,1403.92,21.61,554.47,2388.02,9064.24,47.02,522.35,2387.98,8138.39,8.3547,392,39.12,23.3263,642.092,1582.5400000000002,1396.018,21.608,554.612,2387.994,9061.598000000002,47.1,522.442,2388.004,8143.846,8.38642,391.2,39.001999999999995,23.38828,0.34412207136420575,6.830933318368812,4.798882161503866,0.0044721359549988885,0.18074844397650452,0.04335896677708546,4.540756544894015,0.08426149773176035,0.443925669453797,0.02880972058127086,3.9497632840462074,0.024311458203900654,1.3038404810405309,0.06870225614926533,0.07249539295707086
-0.0005,0.0004,642.17,1579.35,1396.69,21.61,554.89,2388.05,9056.46,47.08,522.29,2388.01,8149.35,8.3839,391,38.96,23.4393,642.0,1581.896,1396.842,21.608,554.6299999999999,2388.004,9060.524000000001,47.106,522.5519999999999,2388.0,8144.682000000001,8.385079999999999,390.8,39.001999999999995,23.382600000000004,0.19235384061673488,6.977609189400163,4.3955966602954835,0.0044721359549988885,0.20676073128118372,0.050299105359783505,5.075719653409204,0.08080841540334435,0.25400787389379204,0.025495097567420865,4.67571064117523,0.024207891275367224,0.836660026534073,0.06870225614926534,0.06549144982362295
-0.0009,-0.0002,642.14,1583.34,1409.18,21.61,555.43,2387.99,9061.35,47.24,522.65,2388.01,8147.63,8.3894,391,39.02,23.3779,642.074,1584.352,1399.272,21.608,554.766,2388.018,9062.058,47.112,522.536,2388.0060000000003,8145.236,8.38342,391.0,39.010000000000005,23.36774,0.1477497884938826,3.5090839260411126,7.070210039313046,0.0044721359549988885,0.41955929259154257,0.02387467277303825,3.3588643914278613,0.09093954035511527,0.24223955085831275,0.02302172886571268,4.862445886588199,0.023397157947066694,0.7071067811865425,0.06782329983124874,0.05298667757087715
0.0013,0.0004,642.48,1586.52,1396.22,21.61,553.94,2388.07,9053.32,47.24,522.38,2388.02,8141.54,8.3883,392,39.09,23.387,642.126,1584.9279999999999,1400.05,21.608,554.6220000000001,2388.032,9059.876,47.15,522.434,2388.012,8143.755999999999,8.37752,391.2,39.038,23.383960000000002,0.2330879662272905,3.598231510061567,6.285865095593698,0.0044721359549988885,0.5637996097904927,0.030331501777019137,4.8207188260680995,0.09797958971132645,0.14293355099497232,0.02167948338778027,4.570621401954343,0.014641448015818716,0.836660026534073,0.06572670690062088,0.04019226293703894
-0.0016,0.0004,642.16,1585.12,1388.77,21.61,554.81,2388.01,9058.33,47.09,522.96,2387.97,8147.67,8.3778,393,38.93,23.4291,642.184,1584.368,1398.9560000000001,21.61,554.708,2388.028,9058.74,47.134,522.5260000000001,2387.998,8144.916,8.378820000000001,391.8,39.024,23.39192,0.18447222013074452,3.2134825345721003,7.834962029263596,0.0,0.5502908321968393,0.031937438845963215,4.236891549238413,0.10039920318408754,0.279159452643162,0.021679483387945456,4.706291533681203,0.01423400857102232,0.836660026534073,0.08142481194329033,0.04514966223572421
-0.0016,0.0003,642.48,1583.22,1392.81,21.61,554.59,2388.05,9062.85,47.19,522.25,2387.96,8142.57,8.3922,393,39.06,23.3843,642.286,1583.5099999999998,1396.734,21.61,554.732,2388.034,9058.462,47.168,522.5060000000001,2387.994,8145.752,8.386320000000001,392.0,39.012,23.403519999999997,0.17742604092960848,2.6958672074120904,7.648400486376264,0.0,0.5398333076051207,0.03286335345105325,3.8098779508023157,0.07854934754662073,0.2978758130497275,0.02701851217164171,3.464725097319981,0.005622010316607324,0.9999999999999982,0.06685805860179023,0.028430828338265008
0.0007,0.0002,642.17,1589.67,1398.34,21.61,554.37,2387.98,9059.52,47.06,523.24,2388.02,8142.81,8.4059,390,39.21,23.5001,642.2860000000001,1585.574,1397.0639999999999,21.61,554.6279999999999,2388.02,9059.073999999999,47.164,522.696,2387.996,8144.444,8.39072,391.8,39.062,23.41568,0.17742604092960848,2.665066603295279,7.681551275621409,0.0,0.5517426936533952,0.038729833462606944,3.650319164129244,0.08443932733033616,0.408203380681704,0.028809720581193916,2.9653296612691036,0.01008895435613172,1.3038404810405309,0.10232301793829522,0.05133567960005838
-0.0026,0.0001,642.15,1582.41,1397.58,21.61,554.6,2388.02,9067.98,47.19,522.7,2387.98,8145.04,8.4044,390,39.0,23.3612,642.2879999999999,1585.3880000000001,1394.7440000000001,21.61,554.462,2388.0260000000003,9060.4,47.153999999999996,522.706,2387.9900000000002,8143.9259999999995,8.39372,391.6,39.05800000000001,23.41234,0.17541379649263128,2.883464929559525,3.9554304443382646,0.0,0.3307113545071311,0.03507135583403494,5.446205100802069,0.07569676347109927,0.40740643097522106,0.02828427124688819,2.451311893661014,0.011699871794176007,1.5165750888103138,0.10473776778221303,0.054832408300199996
-0.0007,0.0002,642.17,1579.05,1395.33,21.61,554.5,2388.01,9059.04,47.2,522.77,2387.96,8143.16,8.377,392,39.03,23.4513,642.226,1583.8939999999998,1394.566,21.61,554.574,2388.014,9061.544,47.146,522.784,2387.978,8144.25,8.39146,391.6,39.04600000000001,23.425199999999997,0.14223220451070373,3.9046805247037333,3.8919185500210216,0.0,0.16102794788471086,0.025099800796840776,3.9944999687064735,0.06580273550544505,0.3644585024388145,0.024899799195393986,2.1450291373319477,0.0138941714398563,1.5165750888103138,0.10358571330063172,0.054943698455781405
0.0004,-0.0,641.73,1579.71,1398.81,21.61,555.52,2387.99,9063.28,47.28,522.16,2388.0,8147.25,8.3936,390,39.11,23.3655,642.14,1582.8120000000001,1396.5739999999998,21.61,554.716,2388.01,9062.534,47.184000000000005,522.624,2387.984,8144.166,8.39462,391.0,39.082,23.41248,0.2672077843177384,4.217086672099757,2.4922740619764987,0.0,0.4588354824988547,0.027386127876108276,3.5919187073195946,0.07893034904267704,0.436382859425062,0.02607680962023828,1.9794519443530625,0.01162161778756137,1.4142135623731027,0.08228000972290024,0.060858705211331895
-0.0006,-0.0005,642.51,1587.88,1398.81,21.61,554.41,2387.97,9056.53,47.34,522.37,2387.98,8144.33,8.3788,393,38.99,23.4129,642.146,1583.7440000000001,1397.774,21.61,554.68,2387.9939999999997,9061.27,47.214000000000006,522.6479999999999,2387.988,8144.518000000001,8.39194,391.0,39.068,23.418200000000002,0.2769115382211289,4.803912988387776,1.4558262258946175,0.0,0.47785981207877,0.02073644135450815,4.460022421467896,0.10573551910308111,0.4133642461558376,0.0228035085013596,1.7701045166885383,0.013681666565156696,1.4142135623731027,0.09230384607371689,0.058859153918484064
0.0005,0.0003,641.7,1576.42,1388.63,21.61,553.78,2387.99,9064.33,47.26,522.45,2387.96,8144.92,8.385,391,39.04,23.393,642.0519999999999,1581.094,1395.8319999999999,21.61,554.562,2387.996,9062.232,47.254000000000005,522.49,2387.976,8144.94,8.38776,391.2,39.034,23.39678,0.3394407164734485,4.350899906916164,4.269463666551023,0.0,0.6240352554142615,0.01949358869086429,4.506691691251146,0.06148170459573404,0.24869660230900684,0.01673320052957357,1.490553588436037,0.01134319179067627,1.3038404810405377,0.047222875812472684,0.03705046558411548
-0.0036,-0.0005,642.21,1587.83,1393.2,21.61,555.09,2388.07,9064.33,47.01,522.51,2387.99,8147.31,8.3882,391,38.96,23.454,642.0640000000001,1582.1779999999999,1394.956,21.61,554.6600000000001,2388.006,9061.502,47.218,522.452,2387.978,8145.394,8.38452,391.4,39.026,23.415340000000004,0.3447897910321753,5.32653452068057,4.27048943330833,0.0,0.668393596618013,0.038470768123951185,3.533365251427602,0.12657013865836733,0.22163032283525352,0.017888543818978964,1.8346198516307413,0.006809698965447526,1.1401754250991476,0.056833088953532125,0.038002539388832496
0.0005,0.0003,642.31,1584.74,1394.85,21.6,555.06,2388.0,9069.51,47.34,522.4,2388.01,8142.4,8.3721,391,39.0,23.279,642.092,1583.316,1394.86,21.607999999999997,554.7719999999999,2388.004,9063.596000000001,47.245999999999995,522.3779999999999,2387.9880000000003,8145.242,8.38354,391.2,39.02,23.38088,0.36086008368895406,5.093920886704132,4.26537219946841,0.0044721359549988885,0.6816670741644849,0.038470768123951185,4.638995580940914,0.13667479650615144,0.1329285522380479,0.019235384060989923,2.0809300805165987,0.008342541579159691,1.09544511501034,0.057879184513951236,0.06544995798317835
-0.0016,0.0004,642.31,1591.06,1393.82,21.61,554.35,2388.01,9064.27,47.14,522.35,2387.98,8144.74,8.3862,391,39.09,23.4441,642.208,1585.586,1393.862,21.607999999999997,554.538,2388.0080000000003,9063.794,47.218,522.4159999999999,2387.984,8144.74,8.38206,391.4,39.016000000000005,23.3966,0.30417100453523177,5.5900339891630075,3.649406801111199,0.0044721359549988885,0.5485161802535411,0.037682887363457714,4.643261784563622,0.14219704638282235,0.06465291950154256,0.01816590212380596,1.7522128866097686,0.006582400777831255,0.8944271909999262,0.05029910535983809,0.07010602684505583
-0.0006,-0.0002,642.34,1584.24,1391.89,21.61,554.65,2387.96,9065.11,47.33,522.51,2388.03,8143.67,8.4042,391,39.13,23.3572,642.174,1584.858,1392.4779999999998,21.607999999999997,554.586,2388.0060000000003,9065.51,47.215999999999994,522.4440000000001,2387.994,8144.608,8.387139999999999,391.0,39.044,23.385460000000002,0.269499536177681,5.451909757139998,2.403199950065497,0.0044721359549988885,0.545004587136605,0.04037325847689141,2.2628742784308185,0.14010710188994108,0.06985699678666892,0.02701851217189207,1.8145715747806666,0.011443688216656556,0.0,0.0680441033448198,0.07128392525667876
0.0004,-0.0001,642.06,1577.45,1391.48,21.61,554.17,2388.0,9056.72,47.26,522.47,2387.98,8145.11,8.3953,391,39.02,23.4259,642.246,1585.0639999999999,1393.048,21.607999999999997,554.664,2388.0080000000003,9063.988000000001,47.215999999999994,522.448,2387.998,8144.645999999999,8.389199999999999,391.0,39.040000000000006,23.39204,0.11502173707602156,5.058649029137923,1.3843662810094448,0.0044721359549988885,0.412649972737129,0.039623225512830595,4.603576870216418,0.14010710188994108,0.07085195833602535,0.021679483388351867,1.8246999753388955,0.011880866971735257,0.0,0.06892024376045443,0.07363364040979993
-0.0041,0.0002,641.53,1584.31,1392.26,21.61,554.7,2388.05,9058.67,47.19,522.27,2387.94,8145.16,8.3984,391,38.92,23.4581,642.1099999999999,1584.3600000000001,1392.8600000000001,21.607999999999997,554.586,2388.004,9062.856,47.251999999999995,522.4,2387.9880000000003,8144.216,8.39124,391.0,39.032,23.392860000000002,0.3434384952215344,4.816622260464143,1.4218825549234255,0.0044721359549988885,0.34297230208856055,0.03209361307233366,5.160637557511268,0.0870057469366098,0.09539392014215184,0.034205262752641956,1.1790801499485106,0.012524495997847261,0.0,0.08167006795638505,0.074513710147863
0.0005,-0.0003,642.4,1584.39,1391.37,21.61,554.05,2388.0,9067.81,47.01,522.93,2388.0,8149.35,8.3723,391,39.01,23.3497,642.1279999999999,1584.29,1392.1640000000002,21.61,554.3839999999999,2388.004,9062.516,47.186,522.506,2387.986,8145.606,8.39128,391.0,39.034000000000006,23.407,0.3585665907471388,4.812260383644964,0.9905705426643755,0.0,0.28684490582873556,0.03209361307233366,4.642658721034187,0.12177848742696222,0.25549951076271765,0.03286335344990185,2.177183960991307,0.012448172556648162,0.0,0.08080841540335125,0.050269672765989995
0.0031,-0.0001,642.02,1580.74,1399.68,21.6,554.84,2387.99,9065.8,47.17,521.97,2388.01,8143.73,8.3979,391,39.15,23.458,642.0699999999999,1582.226,1393.336,21.607999999999997,554.482,2388.0,9062.822,47.19199999999999,522.4300000000001,2387.992,8145.404,8.39362,391.0,39.046,23.40978,0.3449637662132877,3.086280933421353,3.563878505223869,0.0044721359549988885,0.34924203641588514,0.03240370349256329,4.833660103895747,0.11966620241320733,0.35185224171524193,0.034205262752664396,2.3198017156642496,0.01235382531850445,0.0,0.09449867723942043,0.05313687043851615
0.0006,0.0002,642.21,1580.83,1401.8,21.61,554.97,2387.91,9070.2,47.21,521.88,2387.98,8147.8,8.4043,392,39.13,23.4203,642.044,1581.544,1395.318,21.608,554.546,2387.9900000000002,9063.84,47.168,522.304,2387.982,8146.2300000000005,8.393640000000001,391.2,39.04600000000001,23.4224,0.32377461296412285,2.901185964394681,5.017760456618089,0.0044721359549988885,0.41149726609047343,0.05049752469204081,5.862495202556254,0.09444575162493711,0.42187675925572793,0.026832815729386974,2.2830133595746673,0.01237529797621548,0.4472135954999691,0.09449867723942043,0.044282615098924075
0.0037,-0.0003,641.27,1582.03,1392.21,21.61,554.46,2388.02,9060.47,47.28,522.18,2388.03,8145.62,8.402,392,39.14,23.4237,641.886,1582.46,1395.464,21.608,554.604,2387.9939999999997,9064.59,47.172,522.246,2387.992,8146.331999999999,8.39498,391.4,39.07,23.42196,0.47257803588417274,1.7991386828146734,4.887088090059414,0.0044721359549988885,0.3628084894264935,0.05224940191074008,4.88173637141471,0.09959919678390694,0.41319486928100313,0.03420526275280981,2.2312709382761726,0.01294940153057823,0.5477225575051797,0.10124228365658192,0.044250062146843
0.0002,0.0004,642.03,1586.52,1392.09,21.61,554.86,2388.01,9062.5,47.21,522.26,2388.04,8140.27,8.4193,390,39.01,23.3928,641.9860000000001,1582.902,1395.4299999999998,21.608,554.636,2387.986,9065.356,47.176,522.244,2388.0119999999997,8145.353999999999,8.39916,391.2,39.088,23.4089,0.4293366977094861,2.501593492156511,4.91546030397976,0.0044721359549988885,0.380039471634113,0.04393176527310325,3.927891291773901,0.10089598604503192,0.41307384327762364,0.023874672773128335,3.5533828952137543,0.017052507147050512,0.8366600265340837,0.07155417527999129,0.04038458864467648
-0.0011,0.0001,641.87,1588.81,1396.54,21.61,554.46,2388.0,9067.25,47.24,522.28,2387.95,8150.56,8.3919,391,39.08,23.4025,641.88,1583.7859999999998,1396.464,21.608,554.7180000000001,2387.986,9065.244,47.222,522.1139999999999,2388.002,8145.5960000000005,8.40308,391.2,39.102000000000004,23.419459999999997,0.3616628264007101,3.6679326602323856,4.360324529206695,0.0044721359549988885,0.24066574330370594,0.04393176527310325,3.8475875558580115,0.04086563348337026,0.17938784797252771,0.037013511046726295,3.9162392674601736,0.010217240331922502,0.8366600265340837,0.05805170109479443,0.025012057092519042
0.0013,0.0004,641.36,1584.8,1396.66,21.6,555.39,2388.06,9061.84,47.08,522.52,2388.02,8150.68,8.382,392,39.08,23.4129,641.7479999999999,1584.598,1395.86,21.607999999999997,554.8280000000001,2388.0,9064.452000000001,47.204,522.2239999999999,2388.004,8146.986,8.399899999999999,391.4,39.088,23.41044,0.4143911195962234,3.2507030008906175,3.9975429953911394,0.0044721359549988885,0.3898332977054341,0.05522680508619383,4.1035801442149955,0.07503332592920306,0.2303909720457162,0.037815340802514794,4.302682883968078,0.014004820598644408,0.8944271909999262,0.05167204273105053,0.012779984350525068
0.0044,0.0003,642.73,1580.37,1400.08,21.61,554.93,2388.02,9063.28,47.18,522.58,2387.97,8149.74,8.4284,391,39.11,23.4595,641.8520000000001,1584.5059999999999,1395.516,21.607999999999997,554.8199999999999,2388.022,9063.068,47.198,522.3639999999999,2388.002,8147.373999999999,8.40472,391.2,39.084,23.41828,0.5881496408229735,3.387628964334683,3.3857982810557883,0.0044721359549988885,0.3865876356014139,0.022803508502920473,2.5551066513938254,0.07563068160474434,0.17515707236684105,0.039623225512442295,4.478323346967023,0.019113267643191916,0.8366600265340837,0.0482700735445828,0.025766489865704154
-0.0018,0.0,642.24,1580.51,1398.2,21.61,555.34,2387.99,9062.83,46.97,522.08,2388.01,8149.38,8.3971,393,39.0,23.3165,642.046,1584.202,1396.714,21.607999999999997,554.9960000000001,2388.016,9063.54,47.136,522.344,2387.998,8148.125999999999,8.40374,391.4,39.056,23.39684,0.5018266633013119,3.7175085743006955,2.95604127170142,0.0044721359549988885,0.3820078533222516,0.02701851217284652,2.1393573801481973,0.11058933040759475,0.20464603587687843,0.03701351104662954,4.425537255519062,0.019410899000310917,1.1401754250991476,0.04827007354458615,0.051689147797192095
-0.0005,0.0003,641.92,1585.18,1400.11,21.61,554.71,2387.94,9070.1,47.26,522.33,2387.98,8144.83,8.392,391,39.03,23.339,642.024,1583.934,1398.318,21.607999999999997,554.966,2388.002,9065.060000000001,47.146,522.358,2387.986,8149.0380000000005,8.39828,391.6,39.06,23.38608,0.5051039496976214,3.5532984676212123,1.7492912850648246,0.0044721359549988885,0.4007867263269569,0.04381780460044024,3.4895343528879845,0.12074767078498784,0.1997998999001587,0.02880972058129553,2.415040372330495,0.01770443447275811,0.8944271909999362,0.0441588043316355,0.05795974465092371
0.0002,-0.0002,642.4,1590.8,1392.28,21.61,554.74,2387.96,9074.92,47.09,521.87,2387.97,8146.48,8.4185,393,38.96,23.436,642.1299999999999,1584.3319999999999,1397.466,21.607999999999997,555.022,2387.994,9066.594000000001,47.116,522.2760000000001,2387.99,8148.222,8.403599999999999,392.0,39.036,23.39278,0.5200961449579371,4.274291754197351,3.2367699949181747,0.0044721359549988885,0.32476145091416214,0.04774934554503129,5.6869394229210775,0.10968135666557109,0.29921564130264483,0.023452078798741536,2.461060746911095,0.019238113213106013,1.000000000000016,0.06024948132557032,0.06211937700911154
0.0024,0.0003,642.27,1579.21,1396.93,21.61,555.13,2387.97,9058.21,47.04,522.49,2387.96,8148.33,8.4088,391,38.95,23.3496,642.3120000000001,1583.214,1397.52,21.61,554.97,2387.9759999999997,9065.867999999999,47.108,522.2700000000001,2387.978,8147.752,8.408959999999999,391.8,39.010000000000005,23.380119999999998,0.2928651566848986,4.817793063218803,3.2221809384332696,0.0,0.2667395733667859,0.030495901362785325,6.603421083043349,0.11432410069622365,0.2933428028777213,0.01923538406066338,2.0671647249278275,0.014977082492941924,1.0954451150103481,0.06442049363363239,0.06343025303434026
0.0011,-0.0004,642.11,1586.56,1402.89,21.61,554.5,2387.99,9062.6,47.32,522.24,2388.0,8146.11,8.4038,390,39.05,23.4369,642.1879999999999,1584.452,1398.0819999999999,21.61,554.884,2387.9700000000003,9065.732,47.136,522.202,2387.984,8147.026,8.40404,391.6,38.998000000000005,23.375600000000002,0.181851587840505,4.698102808581256,3.9444226446976427,0.0,0.3416577234601059,0.021213203433457544,6.6766436178653485,0.14842506526864038,0.23763417262713593,0.020736441352614866,1.8166810396950699,0.010306939409945256,1.34164078649989,0.04324349662089289,0.05682037486677328
0.0023,-0.0001,642.25,1585.36,1398.14,21.61,554.71,2387.95,9059.44,47.18,522.4,2388.04,8143.86,8.4189,392,38.97,23.4323,642.1899999999999,1585.422,1398.07,21.61,554.758,2387.962,9065.054,47.178,522.2660000000001,2387.99,8145.9220000000005,8.4084,391.4,38.992,23.398760000000003,0.18261982367779864,4.149375856680023,3.944065161733961,0.0,0.22906331002587954,0.0192353840586721,7.1968659845785385,0.11584472366059588,0.23964557162640993,0.031622776601337464,1.702166266846356,0.011208701976606363,1.1401754250991631,0.04494441010850376,0.04988579958264812
0.0032,0.0004,642.83,1584.34,1400.28,21.61,554.9,2388.01,9067.52,47.3,522.47,2388.01,8145.39,8.4069,392,39.16,23.3501,642.372,1585.2540000000001,1398.104,21.61,554.7959999999999,2387.9759999999997,9064.538,47.186,522.294,2387.996,8146.034,8.411380000000001,391.6,39.017999999999994,23.40098,0.27589853207289255,4.17852605591962,3.9667152658091767,0.0,0.23479778533876042,0.024083189156232657,6.827651133441562,0.12401612798341813,0.25657357619235827,0.03209361307156467,1.6292114657064554,0.006917875396423182,1.1401754250991631,0.0887130204648683,0.04670724783157341
-0.0014,-0.0,641.84,1586.78,1391.44,21.61,553.79,2388.01,9067.43,47.17,522.71,2387.99,8146.55,8.4039,392,38.99,23.4908,642.26,1584.45,1397.9360000000001,21.61,554.606,2387.986,9063.04,47.202,522.462,2388.0,8146.048,8.408460000000002,391.4,39.024,23.411939999999998,0.36193922141715335,3.089449789201881,4.2804240444146355,0.0,0.5120839774882244,0.026076809620151447,4.353877582109321,0.1132254388377427,0.1699117417956862,0.029154759474032954,1.6342949550156178,0.006205884304462192,0.894427190999956,0.08473488065725886,0.061169624814933266
-0.0015,-0.0001,641.54,1590.45,1392.04,21.61,554.5,2388.04,9066.32,47.02,522.21,2388.05,8143.51,8.3917,391,38.97,23.511,642.1139999999999,1586.6979999999999,1396.958,21.61,554.4799999999999,2388.0,9064.662,47.198,522.406,2388.018,8145.084,8.405040000000001,391.4,39.028,23.44422,0.4836631058910446,2.315905870280289,5.056097309190376,0.0,0.42017853348340034,0.03316624790348355,3.5390704994364346,0.12049896265113323,0.20156884679946827,0.025884358211382984,1.3482507185205186,0.009699896906683665,0.894427190999956,0.08074651695274458,0.06261690666264659
-0.0003,0.0002,641.97,1587.51,1391.42,21.61,555.05,2387.99,9064.96,47.15,523.38,2388.05,8145.8,8.4092,391,39.08,23.4211,642.086,1586.888,1394.664,21.61,554.5899999999999,2388.0,9065.134000000002,47.164,522.634,2388.028,8145.022,8.40612,391.6,39.034,23.44106,0.4879856555270741,2.3405918055053188,4.225669177775194,0.0,0.4924936547816362,0.03316624790348355,3.3475035474185484,0.09964938534682435,0.45379510795068917,0.026832815730471603,1.2953648134759075,0.00982710537240329,0.5477225575052446,0.08384509526501636,0.06347151329532559
-0.0016,-0.0002,642.03,1582.61,1398.62,21.61,554.89,2387.95,9067.32,47.28,522.48,2388.01,8146.73,8.4074,391,39.05,23.3588,642.042,1586.338,1394.76,21.61,554.626,2388.0,9066.710000000001,47.184000000000005,522.65,2388.022,8145.5960000000005,8.40382,391.4,39.05,23.42636,0.47934330077744375,3.0152727903125185,4.328579443651111,0.0,0.5097352253868195,0.03316624790348355,1.0910087075607502,0.11282730166054417,0.4448033273256469,0.02683281573038898,1.2875868902679886,0.007038252624072427,0.5477225575052446,0.07582875444050936,0.07369540691250114
0.0024,0.0001,642.16,1586.27,1399.24,21.61,554.66,2387.99,9060.59,47.26,522.35,2388.07,8145.74,8.3866,392,38.99,23.4192,641.908,1586.724,1394.5520000000001,21.61,554.5779999999999,2387.996,9065.323999999999,47.176,522.626,2388.0340000000006,8145.666,8.39976,391.4,39.016,23.440179999999998,0.23573289969851607,2.8122553226900884,4.010301734283712,0.0,0.48833390216139716,0.03286335345006559,2.8264164590487364,0.10358571330062767,0.4599239067497714,0.03286335345083242,1.2830939170574762,0.010034590175994501,0.5477225575052446,0.04669047011971775,0.06124697543551721
-0.0,0.0003,642.34,1579.35,1401.99,21.61,555.29,2388.05,9065.37,47.17,522.43,2388.0,8146.51,8.384,390,38.87,23.3645,642.008,1585.2379999999998,1396.6619999999998,21.61,554.8779999999999,2388.004,9064.912,47.176,522.57,2388.036,8145.658,8.395779999999998,391.0,38.992000000000004,23.41492,0.2976071235710186,4.3291708213005355,4.682650958591968,0.0,0.31220185777790066,0.040987803063936325,2.582280000306646,0.10358571330062767,0.46416591861099255,0.029664793948889004,1.2763110906005182,0.011777181326619328,0.7071067811866053,0.08136338242723909,0.06119540015392816
-0.0008,0.0002,642.32,1585.97,1395.84,21.61,554.36,2388.02,9064.82,47.19,522.73,2388.0,8149.49,8.3953,392,39.25,23.4827,642.164,1584.342,1397.422,21.61,554.8499999999999,2388.0,9064.612,47.21,522.674,2388.0260000000003,8146.854000000001,8.3965,391.2,39.048,23.40926,0.16652327164724542,3.3288015861568705,4.0041753208374224,0.0,0.3575611835755998,0.037416573867724366,2.4621474366872427,0.057008771254951504,0.41944010299443085,0.032093613072001266,1.5357506307946533,0.01157367703023058,0.8366600265341261,0.13863621460498385,0.05045317631229569
0.001,-0.0003,642.87,1587.16,1398.83,21.61,554.47,2387.98,9060.76,47.27,522.29,2387.97,8148.44,8.3664,391,38.87,23.5228,642.3439999999999,1584.272,1398.904,21.61,554.734,2387.998,9063.772,47.233999999999995,522.4559999999999,2388.01,8147.382,8.38794,391.2,39.00599999999999,23.4296,0.3200468715671886,3.248233366000763,2.1857790373242447,0.0,0.37031068037535264,0.03834057902526818,2.97646938502497,0.0502991053598267,0.16964669168612959,0.03674234614160183,1.5366099049481794,0.015117473333857278,0.8366600265341261,0.157098695093247,0.07222302264513074
-0.0,0.0004,641.94,1593.0,1391.47,21.61,554.48,2387.99,9060.37,47.16,522.19,2388.05,8147.83,8.3842,392,39.01,23.3841,642.326,1586.35,1397.474,21.61,554.652,2388.0060000000003,9062.382000000001,47.209999999999994,522.3979999999999,2388.018,8147.602000000001,8.3833,391.4,38.998000000000005,23.43466,0.34377318103648163,4.848437892764911,4.002178156954531,0.0,0.37251845591878474,0.0288097205818927,2.4880856094598016,0.05147815070493038,0.20523157651799412,0.040865633483433764,1.4981889066417182,0.010509519494238395,0.8944271909999659,0.15530614926654177,0.06669754868058406
-0.001,-0.0005,641.8,1589.37,1391.88,21.61,554.78,2388.01,9060.57,47.07,522.56,2388.04,8144.43,8.4295,392,39.01,23.443,642.2540000000001,1586.9699999999998,1396.002,21.61,554.676,2388.01,9062.378,47.172000000000004,522.4399999999999,2388.012,8147.339999999999,8.39188,391.4,39.001999999999995,23.43942,0.41710909843831,5.030442326475684,4.511371188452776,0.0,0.3770013262577445,0.02738612787552501,2.4917002227396785,0.07155417527999684,0.21424285285638262,0.03271085446746576,1.9512560057522899,0.02343751266666287,0.8944271909999659,0.15530614926654143,0.06616552727817376
-0.0021,-0.0001,642.18,1587.71,1401.85,21.61,553.87,2387.96,9068.2,47.32,521.69,2388.01,8148.48,8.4029,392,39.12,23.4119,642.222,1588.642,1395.9740000000002,21.61,554.392,2387.9919999999997,9062.944,47.202,522.292,2388.014,8147.7339999999995,8.39566,391.8,39.052,23.448900000000002,0.41499397585994735,2.726108948665918,4.465112540575151,0.0,0.33086250920936117,0.023874672772158496,3.470450979339324,0.09731392500562117,0.39889848332637506,0.032093613071686,1.940626187595936,0.02337291167142133,0.44721359550006834,0.14184498581197671,0.05524151518557893
-0.0016,-0.0004,641.99,1580.08,1395.54,21.61,554.39,2387.95,9057.84,47.08,522.63,2387.94,8145.53,8.397,392,39.01,23.4466,642.156,1587.464,1395.914,21.61,554.398,2387.978,9061.548,47.17999999999999,522.272,2388.0019999999995,8146.942,8.396,391.8,39.004,23.441679999999998,0.4216989447462528,4.715838207572212,4.469376914067706,0.0,0.3304088376546711,0.023874672771708502,3.9039556862248843,0.1120267825120412,0.37312196397437336,0.046583258795046795,1.8508025286309087,0.02337872964897944,0.44721359550006834,0.0887693640846933,0.05198246819840991
0.0038,-0.0002,641.96,1583.25,1393.99,21.61,554.82,2387.99,9055.69,47.18,522.16,2388.02,8139.39,8.3861,392,38.99,23.3627,641.9739999999999,1586.682,1394.9460000000001,21.61,554.4680000000001,2387.98,9060.534,47.162,522.2459999999999,2388.0119999999997,8145.1320000000005,8.39994,392.0,39.028,23.409660000000002,0.13630847369217258,5.0883268369866395,4.195679921061626,0.0,0.3824526114439128,0.02449489742699611,4.7306902244821085,0.10059821071967576,0.376071801655078,0.043243496620711586,3.609365595225292,0.018237954929216968,0.0,0.05215361924162001,0.036536598090126694
0.0011,-0.0002,642.52,1580.1,1398.14,21.61,554.3,2388.03,9062.74,47.21,522.19,2388.0,8150.74,8.4153,392,38.89,23.452,642.0899999999999,1584.102,1396.28,21.61,554.432,2387.988,9061.008000000002,47.172000000000004,522.2460000000001,2388.002,8145.714,8.40616,392.0,39.004,23.42324,0.2756809750421145,4.292082245251204,3.8612238992322427,0.0,0.38944832776672234,0.03346640106103448,4.827884629939921,0.10281050529979979,0.376071801655078,0.037682887362355526,4.318185961719511,0.01677223896801704,0.0,0.08173126696681318,0.0372725502212974
-0.0025,0.0004,642.05,1589.69,1404.68,21.61,554.36,2388.01,9069.14,47.32,522.25,2387.96,8146.94,8.3854,391,39.1,23.3498,642.14,1584.166,1398.84,21.61,554.3480000000001,2387.988,9062.722,47.222,522.184,2387.986,8146.216,8.39734,391.8,39.022000000000006,23.4046,0.2285825890135059,4.391506575197323,4.417810543697718,0.0,0.33744629202341075,0.03346640106103448,6.010043261076244,0.1015874007936012,0.3346341285644754,0.03435112807381531,4.277304057462829,0.012474894789139478,0.44721359550006834,0.09257429448826524,0.046964614338878934
-0.0037,-0.0004,642.18,1579.32,1400.58,21.61,553.75,2388.04,9061.62,47.13,522.72,2388.02,8147.5,8.4425,392,38.98,23.4423,642.14,1582.488,1398.586,21.61,554.324,2388.004,9061.405999999999,47.184,522.3900000000001,2387.988,8146.0199999999995,8.405260000000002,391.8,38.994,23.41068,0.2285825890135059,4.300775511463246,4.234179967833963,0.0,0.38135285497864096,0.03577708764014918,5.172743952681616,0.09071934744033373,0.2641022529252003,0.03633180424840046,4.168698837765817,0.024069545072565427,0.44721359550006834,0.07503332592922382,0.05001466784853692
0.0014,0.0003,642.83,1580.83,1400.87,21.61,555.05,2387.99,9070.61,47.28,521.82,2388.02,8145.92,8.3974,392,38.95,23.2937,642.308,1582.6380000000001,1399.6519999999998,21.61,554.4559999999999,2388.0119999999997,9063.960000000001,47.224000000000004,522.2280000000001,2388.004,8146.098,8.405339999999999,391.8,38.982,23.3801,0.36106786065777496,4.2078700074980855,3.936047509876818,0.0,0.5043114117291959,0.022803508502592672,6.050037189969392,0.07635443667528029,0.3221335126932546,0.026076809620275334,4.160879714674455,0.02403586902943735,0.44721359550006834,0.07661592523752159,0.06656624519980196
-0.002,-0.0001,641.97,1575.8,1404.09,21.61,554.07,2387.98,9068.85,47.02,522.36,2387.99,8145.97,8.3829,393,39.04,23.4799,642.3100000000001,1581.148,1401.672,21.61,554.306,2388.0099999999998,9066.592,47.192,522.268,2387.998,8147.414,8.4047,392.0,38.992,23.40354,0.3586781286892047,5.150433962298956,2.7021047352035836,0.0,0.4799270777944523,0.02549509756838441,4.101642353987379,0.12029131306956303,0.32399074060860555,0.024899799195231897,1.9755708035860393,0.024709411162556393,0.7071067811866178,0.08105553651664484,0.07847670354952238
-0.0014,0.0002,642.27,1581.7,1397.05,21.61,554.31,2387.97,9056.43,47.34,522.34,2387.96,8148.54,8.4029,392,38.93,23.5102,642.26,1581.468,1401.454,21.61,554.308,2387.9980000000005,9065.329999999998,47.218,522.298,2387.9900000000002,8146.973999999999,8.40222,392.0,39.0,23.41518,0.33896902513362753,5.1186492358826765,3.076350110115815,0.0,0.47991665943194883,0.02774887385103894,6.077807993019814,0.13791301606447295,0.3219006057778289,0.029999999999128266,1.1010358758844014,0.023991394290458056,0.7071067811866178,0.06964194138592689,0.09080873856628194
-0.0046,-0.0003,642.21,1590.88,1393.9,21.61,554.75,2388.01,9066.91,47.35,522.48,2388.04,8145.54,8.3838,393,39.1,23.4313,642.292,1581.7060000000001,1399.298,21.61,554.386,2387.9979999999996,9064.884,47.224000000000004,522.3439999999999,2388.006,8146.694,8.401900000000001,392.4,39.0,23.43148,0.3212786952164736,5.601417677695736,3.9137539524102087,0.0,0.520461333818641,0.02774887385103894,5.803979669159337,0.14397916515940634,0.329666498146473,0.03130495168460875,1.27596238188541,0.02428075369506093,0.5477225575052608,0.06964194138592689,0.08312906832148928
0.0018,-0.0002,641.69,1589.07,1399.88,21.61,555.31,2388.0,9061.29,47.2,522.58,2388.03,8145.64,8.3863,390,38.84,23.4118,642.1940000000001,1583.6560000000002,1399.158,21.61,554.698,2387.9900000000002,9064.818000000001,47.23800000000001,522.316,2388.008,8146.322,8.39066,392.0,38.972,23.42538,0.42270557129059466,6.225482310632659,3.868690993088806,0.0,0.5113902619331817,0.01581138830035115,5.852052631343428,0.13572030061858667,0.29373457406329934,0.03271085446731457,1.253163995648384,0.008965656696530166,1.2247448713916325,0.10084641788383542,0.08325555236738881
-0.0038,-0.0,642.19,1578.58,1400.45,21.61,554.42,2387.98,9059.2,47.24,522.33,2388.07,8148.53,8.3729,391,38.96,23.4314,642.066,1583.2060000000001,1399.074,21.61,554.572,2387.9880000000003,9062.536000000002,47.230000000000004,522.418,2388.018,8146.844,8.385760000000001,391.8,38.974000000000004,23.45292,0.23891421054484516,6.553501354238129,3.8265558927064616,0.0,0.4796040033195769,0.016431676724529443,5.219270063907155,0.13379088160259472,0.1087198234003965,0.043243496620870646,1.5518472862964474,0.010856702998608301,1.3038404810405717,0.10039920318409472,0.040713351618336585
0.0026,0.0003,642.03,1580.04,1397.66,21.61,553.93,2387.98,9067.72,47.27,522.07,2388.01,8148.23,8.4238,394,39.02,23.4079,642.0780000000001,1584.054,1397.788,21.61,554.544,2387.9880000000003,9062.31,47.28,522.36,2388.022,8147.296,8.39394,392.0,38.97,23.43852,0.23435016535145323,5.553663655642061,2.604816692208011,0.0,0.5187292164513259,0.016431676724529443,4.8917021577354705,0.06442049363362667,0.19248376554964527,0.04086563348339621,1.5627315828325297,0.019847997380089934,1.5811388300842255,0.09746794344809605,0.04151020356489214
0.0006,-0.0002,641.94,1584.72,1393.12,21.61,554.64,2388.07,9063.27,47.21,522.05,2387.99,8148.73,8.3667,390,38.93,23.35,642.0120000000001,1584.658,1397.002,21.61,554.6099999999999,2388.0080000000003,9063.678,47.254000000000005,522.302,2388.028,8147.334,8.3867,391.6,38.970000000000006,23.406480000000002,0.2121791695721417,5.39562044625072,3.365147842221011,0.0,0.5022449601540679,0.037013511047198015,3.62991322210364,0.06024948132556831,0.23826455884195205,0.03033150177628137,1.6023513971602608,0.022222848602283365,1.8165902124585294,0.09746794344809605,0.033381686596094695
0.0014,-0.0001,642.79,1593.64,1394.11,21.61,554.91,2388.03,9067.92,47.28,522.14,2388.05,8147.43,8.3984,392,39.02,23.4076,642.128,1585.21,1397.044,21.61,554.642,2388.0119999999997,9063.880000000001,47.24,522.234,2388.03,8147.7119999999995,8.389619999999999,391.4,38.95399999999999,23.40174,0.41197087275702876,6.262794903235966,3.3177296454058807,0.0,0.5182373973384634,0.03834057902602801,3.8745903009228195,0.035355339059326064,0.2227779163205188,0.031622776601816505,1.2596110510701133,0.02270059470586687,1.6733200530681926,0.07469939758794215,0.0305378126263175
0.0002,-0.0003,641.9,1587.15,1393.47,21.61,554.3,2387.97,9067.07,47.13,521.94,2388.0,8154.25,8.3963,391,39.04,23.3879,642.17,1584.826,1395.7620000000002,21.61,554.4399999999999,2388.0060000000003,9065.036,47.226,522.106,2388.0240000000003,8149.433999999999,8.39162,391.6,38.99400000000001,23.39696,0.364074168268171,6.021152713559018,3.183640997349207,0.0,0.3677635109690209,0.042778499272880896,3.7694867024589116,0.0602494813255646,0.14432601983027118,0.03435112807472296,2.7373490825909066,0.022775359492224232,1.5165750888103606,0.04669047011972496,0.030439825886497816
-0.0002,0.0004,642.42,1580.51,1399.41,21.61,554.22,2387.96,9068.43,47.05,522.64,2388.03,8148.88,8.3825,391,39.01,23.3761,642.216,1585.212,1395.554,21.61,554.4,2388.002,9066.882,47.188,522.168,2388.0160000000005,8149.504000000001,8.39354,391.6,39.004000000000005,23.3859,0.38135285497831994,5.565237640927713,2.8132063557447062,0.0,0.3811167800035424,0.0465832587957401,2.077130231842547,0.09757048734119768,0.27344103569152967,0.024083189157583527,2.712817723320261,0.021149302588975887,1.5165750888103606,0.04277849927242333,0.02420609427398019
0.0022,-0.0,642.15,1588.3,1400.52,21.61,554.17,2388.06,9060.14,47.32,522.71,2388.01,8149.5,8.3899,391,39.18,23.3306,642.24,1586.864,1396.1259999999997,21.61,554.448,2388.018,9065.366,47.198,522.296,2388.0160000000005,8149.758,8.386759999999999,391.0,39.036,23.370440000000002,0.37033768374294745,4.822554302441374,3.544238987427804,0.0,0.3168122472384061,0.05069516742320884,3.5538331418373996,0.109863551735774,0.3540197734591875,0.024083189157583527,2.621634986026344,0.012815147287487502,0.7071067811866681,0.09071934744033323,0.030507261430708393
-0.0005,-0.0002,642.04,1580.53,1395.32,21.61,554.87,2387.95,9058.03,47.11,522.44,2388.0,8150.62,8.4267,393,38.93,23.3714,642.26,1586.0260000000003,1396.566,21.61,554.494,2387.994,9064.318,47.178,522.374,2388.018,8150.136,8.39876,391.6,39.036,23.37472,0.35234925854908106,5.591058039405205,3.1973473380294344,0.0,0.3647327788946992,0.04827007354464723,4.859297274299351,0.1160603291396258,0.32829864452979063,0.021679483388591776,2.572145019230589,0.016805594306662935,0.8944271910000057,0.09071934744033323,0.02834743374630918
-0.002,0.0,642.18,1588.84,1389.85,21.61,554.4,2388.0,9068.36,47.25,522.7,2387.99,8146.65,8.4043,391,39.11,23.5069,642.138,1585.066,1395.714,21.61,554.392,2387.988,9064.405999999999,47.172000000000004,522.4860000000001,2388.006,8149.9800000000005,8.39994,391.4,39.054,23.394579999999998,0.1921457779921189,4.1945595716354696,4.368504320703196,0.0,0.281016013779056,0.044384682042157925,4.944080298702198,0.1100908715561737,0.3240061727808591,0.015165750888083047,2.791585570953516,0.016980223791227055,0.8944271910000057,0.09555103348472856,0.06639402834593192
0.0018,-0.0003,642.15,1587.68,1396.25,21.6,554.2,2388.01,9070.2,47.38,522.11,2388.01,8154.38,8.3832,391,38.94,23.3782,642.188,1585.172,1396.27,21.608,554.3720000000001,2387.996,9065.032000000001,47.222,522.5200000000001,2388.0080000000003,8150.005999999999,8.397319999999999,391.4,39.034,23.392640000000004,0.1402497771839964,4.266470438195784,4.18453701142713,0.0044721359549988885,0.29252350332967725,0.04393176527315048,5.5292377413186005,0.1391761473816567,0.25367301787954266,0.014832396974102451,2.8414573725389656,0.018614295581625445,0.8944271910000057,0.10876580344943024,0.06677861184541449
-0.0,0.0001,642.12,1582.55,1399.1,21.61,554.41,2387.97,9064.88,47.16,522.24,2388.0,8152.05,8.417,393,38.96,23.4961,642.1279999999999,1585.5800000000002,1396.208,21.608,554.4100000000001,2387.998,9064.322,47.244,522.4399999999999,2388.0020000000004,8150.639999999999,8.404219999999999,391.8,39.024,23.41664,0.05357238094580503,3.778868878381192,4.128301103359953,0.0044721359549988885,0.27991070004603885,0.042071367936249764,5.20206881923113,0.11104053313993786,0.26897955312647487,0.008366600265709059,2.8807898222447097,0.018135517638055102,1.095445115010405,0.11371015785759957,0.0796679546618279
-0.0037,0.0,642.66,1587.9,1407.23,21.61,554.8,2388.02,9062.11,47.17,522.39,2387.98,8145.07,8.4068,393,38.91,23.4636,642.2299999999999,1585.5,1397.55,21.608,554.5360000000001,2387.9900000000002,9064.716,47.214,522.376,2387.996,8149.753999999999,8.4076,392.2,38.97,23.44324,0.24596747752519602,3.7105053564168626,6.365096228652448,0.0044721359549988885,0.28658332121779617,0.02915475947408592,4.870157081657241,0.10549881515922324,0.22277791632053764,0.011401754251665666,3.840446588609375,0.01627928131092564,1.095445115010405,0.08031189202105579,0.06452226747408653
0.0006,0.0004,642.39,1587.53,1400.7,21.61,554.87,2388.02,9074.45,47.24,522.42,2388.06,8150.31,8.4499,392,39.01,23.4559,642.3,1586.9,1398.6259999999997,21.608,554.5360000000001,2388.004,9068.0,47.239999999999995,522.3720000000001,2388.008,8149.692,8.41224,392.0,38.986000000000004,23.460140000000003,0.22748626332162636,2.4845220868398115,6.348592757454794,0.0044721359549988885,0.28658332121779617,0.020736441354294324,4.769659316978265,0.08803408430830266,0.22151749366611806,0.03114482300468502,3.8254437651026048,0.024376689685031466,1.0000000000000782,0.07829431652426089,0.05055623601492299
-0.0015,0.0001,642.02,1580.54,1398.09,21.61,553.96,2388.05,9070.51,47.19,522.01,2388.01,8145.62,8.3783,392,38.97,23.3978,642.268,1585.2400000000002,1400.274,21.608,554.4480000000001,2388.014,9068.43,47.227999999999994,522.234,2388.0119999999997,8149.486,8.407039999999999,392.2,38.958,23.438319999999997,0.2578177650978782,3.44961592064965,4.21034796661866,0.0044721359549988885,0.38829112789275383,0.02880972058310614,4.905216610919373,0.0903880523078178,0.1764369575801282,0.029495762407236236,4.051275107909192,0.028855554058105252,0.8366600265341685,0.037013511046669494,0.04884400679712738
0.0035,-0.0002,642.51,1582.25,1396.12,21.6,554.3,2388.02,9069.69,47.4,522.65,2387.99,8146.75,8.3745,393,39.0,23.3663,642.3399999999999,1584.154,1400.248,21.607999999999997,554.468,2388.0160000000005,9068.328,47.232,522.342,2388.008,8147.960000000001,8.4053,392.6,38.97,23.43594,0.2667395733669736,3.342488593847792,4.241694236977722,0.0044721359549988885,0.37465984572707034,0.028809720583220576,4.86434168208185,0.0988433103452164,0.23657979626355938,0.03114482300468502,3.0635926622159912,0.030846150489165135,0.5477225575053095,0.039370039370077714,0.05264763052596021
-0.0007,-0.0003,642.09,1584.93,1393.61,21.61,554.28,2388.04,9062.05,47.11,523.06,2387.98,8143.86,8.3881,391,39.07,23.4389,642.3340000000001,1584.6299999999999,1399.15,21.607999999999997,554.442,2388.0299999999997,9067.761999999999,47.221999999999994,522.506,2388.004,8146.322,8.399519999999999,392.2,38.992,23.424500000000002,0.27318491905666914,3.2243371411812998,5.212604915012125,0.0044721359549988885,0.384083324293355,0.014142135628095241,5.490220396307875,0.10986355173577891,0.38552561523206524,0.03361547262796901,2.4601361750931767,0.03081334126640818,0.8366600265341685,0.05848076606886037,0.04129848665506711
0.0017,-0.0004,641.94,1584.69,1393.4,21.61,554.4,2387.99,9070.76,47.14,522.35,2388.02,8152.82,8.3881,393,39.03,23.3473,642.19,1583.988,1396.384,21.607999999999997,554.3619999999999,2388.0240000000003,9069.492,47.216,522.4979999999999,2388.0119999999997,8147.872,8.395779999999998,392.2,39.016,23.401239999999998,0.24688053791285808,2.684924579946909,3.0906035009369943,0.0044721359549988885,0.32851179583120216,0.023021728868746406,4.545560471498674,0.11414902540100756,0.3889344417765793,0.031144823004539007,3.635006189813568,0.030843670339310625,0.8366600265341685,0.037148351242011574,0.04622810833248831
0.0006,0.0003,642.06,1587.44,1401.07,21.61,554.22,2388.0,9073.63,47.29,521.93,2388.05,8155.41,8.3978,392,38.97,23.4186,642.124,1583.9699999999998,1396.4579999999999,21.607999999999997,554.232,2388.02,9069.328,47.226,522.4,2388.0099999999998,8148.892,8.38536,392.2,39.007999999999996,23.39378,0.22300224214168018,2.655381328548375,3.2214391194004826,0.0044721359549988885,0.16528762809182518,0.025495097569774562,4.331722521127901,0.1188696765369553,0.4673328578219922,0.027386127875157283,4.963080696499755,0.009186294138547506,0.8366600265341685,0.04266145801540394,0.03736157116611647
-0.0021,-0.0004,642.59,1589.87,1394.25,21.61,554.89,2388.01,9064.36,47.13,522.29,2387.99,8147.74,8.3993,393,39.06,23.3258,642.238,1585.8359999999998,1395.69,21.607999999999997,554.4179999999999,2388.0119999999997,9068.098000000002,47.214,522.4559999999999,2388.006,8149.316000000001,8.38956,392.4,39.025999999999996,23.379380000000005,0.2916676190462361,2.9085872859513064,3.1927026169066677,0.0044721359549988885,0.2716983621596447,0.019235384063205296,4.7637873588175434,0.12621410380777387,0.42365079959805646,0.028809720581858832,4.697098040275821,0.00992260046560259,0.8944271910000057,0.041593268686166515,0.04783269802135149
0.0005,-0.0003,641.99,1594.55,1397.75,21.61,554.31,2387.98,9070.59,47.16,522.98,2388.04,8152.3,8.3766,392,38.93,23.4293,642.134,1588.296,1396.016,21.61,554.42,2388.004,9068.278,47.166,522.522,2388.016,8150.4259999999995,8.38998,392.2,39.012,23.39198,0.2615912842588811,4.082153843253618,3.327939302331577,0.0,0.2706473720549161,0.02302172886703654,4.855107619819747,0.07162401831786008,0.4829803308625404,0.03049590136362286,4.593754455774488,0.009139310696107171,0.8366600265341685,0.060166435825964835,0.05166959454070545
0.0023,0.0001,642.3,1581.25,1397.05,21.61,554.17,2388.04,9069.86,47.16,522.69,2387.96,8152.28,8.4122,393,38.98,23.4563,642.176,1587.56,1396.704,21.61,554.3979999999999,2388.004,9069.84,47.176,522.4480000000001,2388.012,8152.109999999999,8.3948,392.6,38.994,23.395460000000003,0.2694995361780124,5.056273331218589,3.0501770440425213,0.0,0.2887386361404187,0.02302172886703654,3.383925235587997,0.06503845016601789,0.4013975585377899,0.037013511046527406,2.7638740926319323,0.013305450011181535,0.5477225575053095,0.051283525619835235,0.056022343756760185
-0.0035,-0.0003,641.37,1585.19,1398.01,21.61,554.63,2388.0,9066.61,47.07,522.55,2387.92,8150.0,8.3932,392,38.92,23.4094,642.062,1587.6599999999999,1397.626,21.61,554.4440000000001,2388.0060000000003,9069.01,47.162,522.4879999999999,2387.9919999999997,8151.545999999999,8.39582,392.4,38.972,23.40788,0.4526256731563849,4.989829656410327,2.4368586335701488,0.0,0.30688760157463923,0.021908902300948208,3.603671738662856,0.08043631020874094,0.39914909495087314,0.054497706374108244,2.8685152953978137,0.012851147808661407,0.5477225575053095,0.05540758070878552,0.04913671743207678
0.0033,0.0004,641.79,1583.22,1395.78,21.61,553.84,2388.06,9070.59,47.21,522.06,2387.99,8139.51,8.4241,391,38.92,23.4426,642.008,1586.816,1396.568,21.61,554.368,2388.018,9068.401999999998,47.146,522.5139999999999,2387.9800000000005,8148.366,8.401079999999999,392.2,38.962,23.41268,0.4687429999480794,5.378129786458675,1.557472311151714,0.0,0.4069643719052564,0.03193743884663955,2.7950617166767864,0.051283525619793324,0.35556996498593096,0.04415880433236734,5.298261979175986,0.018152878559614605,0.8366600265341685,0.06016643582597177,0.051558287403669786
0.0001,-0.0001,642.92,1583.57,1401.1,21.61,553.49,2388.07,9070.92,47.29,522.67,2387.94,8147.88,8.3686,392,39.27,23.4193,642.074,1585.556,1397.938,21.61,554.088,2388.0299999999997,9069.714,47.178,522.5899999999999,2387.97,8148.394,8.39494,392.0,39.004000000000005,23.431379999999997,0.5809733212465602,5.219404180555212,1.96750349428048,0.0,0.43842901363879094,0.038729833463877955,1.7780129358504517,0.0804363102087446,0.335782667807771,0.046904157599211856,5.294495254505505,0.02335268721154011,0.7071067811866556,0.1507647173578747,0.018575979112774605
0.0038,-0.0002,642.61,1587.49,1394.63,21.61,554.39,2387.95,9070.63,47.33,522.22,2388.06,8145.74,8.4094,393,38.96,23.439,642.198,1584.144,1397.3139999999999,21.61,554.104,2388.0240000000003,9069.722,47.212,522.438,2387.9739999999997,8147.082,8.401500000000002,392.2,39.010000000000005,23.43332,0.623193388925274,2.337109325641603,2.4720902087109957,0.0,0.4498666469080333,0.049295030176630325,1.7830227143957595,0.10353743284435254,0.2829664291043253,0.054589376256578254,4.881262131867464,0.021441548451548716,0.8366600265341685,0.14764823060233276,0.018809492284432416
0.0046,-0.0001,642.36,1586.44,1400.16,21.61,554.29,2387.98,9064.33,47.25,522.47,2388.01,8150.36,8.4079,391,39.0,23.4074,642.2099999999999,1585.182,1397.9360000000001,21.61,554.1279999999999,2388.0119999999997,9068.616,47.230000000000004,522.394,2387.9840000000004,8146.698000000001,8.40064,391.8,39.014,23.42354,0.6262188115987615,1.8273943197893958,2.7631738997040682,0.0,0.45740572799240903,0.05167204273164795,2.9855954180088986,0.09999999999999737,0.2490582261239969,0.055946402923309796,4.424242308012734,0.020986495657924875,0.8366600265341685,0.14690132742762899,0.016437092200225715
-0.002,-0.0003,641.95,1583.97,1399.4,21.61,554.24,2388.04,9075.93,47.31,522.25,2388.0,8148.85,8.3703,392,39.02,23.4166,642.326,1584.9379999999999,1398.214,21.61,554.05,2388.0199999999995,9070.48,47.278,522.3340000000001,2388.0,8146.468000000001,8.39606,391.8,39.034000000000006,23.424979999999998,0.46457507466509956,1.9058252805541054,2.841298998698696,0.0,0.3764970119407255,0.05244044240937745,4.115616600226966,0.04816637831518409,0.23797058641775076,0.04301162633527225,4.235536565774625,0.02510981879663883,0.8366600265341685,0.13740451229853803,0.015153943381135081
0.002,0.0,642.09,1585.74,1394.57,21.61,554.32,2388.0,9069.63,47.4,522.24,2388.01,8145.21,8.4036,394,39.03,23.513,642.386,1585.442,1397.9720000000002,21.61,554.146,2388.0080000000003,9070.287999999999,47.316,522.37,2388.004,8147.608,8.391960000000001,392.4,39.056000000000004,23.43906,0.39170141689816107,1.6545603645675575,3.1366176050016064,0.0,0.37071552435831856,0.04764451699884495,4.131563868568528,0.0554977477020732,0.1960867155113167,0.04277849927229336,2.1465018052622957,0.020667438157643072,1.14017542509921,0.1225969004502106,0.04290801789873239
0.0038,-0.0006,642.18,1583.91,1399.12,21.61,554.87,2388.02,9073.69,47.37,522.07,2387.97,8147.53,8.4228,391,38.92,23.4565,642.238,1585.5099999999998,1397.5759999999998,21.61,554.422,2387.998,9070.842,47.33200000000001,522.25,2388.01,8147.5380000000005,8.402800000000001,392.2,38.986000000000004,23.4465,0.25567557568160126,1.562833964308947,2.7433063992207605,0.0,0.2562615851042882,0.0349284983934291,4.413583578009013,0.05761944116358361,0.14300349646069047,0.0324037034915429,2.141114195925902,0.01953496864599816,1.3038404810405921,0.04560701700395601,0.041836945395158996
-0.0043,0.0001,642.57,1581.34,1391.14,21.61,553.88,2388.0,9071.25,47.3,522.24,2387.99,8154.91,8.3906,391,39.0,23.4544,642.23,1584.28,1396.8780000000002,21.61,554.32,2388.008,9070.966,47.326,522.254,2387.996,8149.372,8.399040000000001,391.8,38.994,23.449579999999997,0.24135036772321758,1.9795075145097665,3.886196083576455,0.0,0.35475343550162053,0.022803508503032647,4.414847675749741,0.05941380311008045,0.1422322045107382,0.016733200531562523,3.627439868552479,0.019755075297251942,1.3038404810405921,0.04335896677734657,0.04171345106793907
0.0004,0.0001,641.69,1585.5,1403.44,21.61,554.03,2388.0,9064.04,47.23,522.25,2388.03,8151.44,8.4298,391,38.89,23.4647,642.096,1584.092,1397.534,21.61,554.268,2388.0119999999997,9070.908,47.321999999999996,522.21,2388.0,8149.588000000001,8.40342,391.8,38.972,23.46104,0.32323366161367356,1.7549843304146435,4.7578020135358265,0.0,0.3785102376425579,0.017888543821655067,4.52436956935066,0.06610597552417788,0.07842193570659386,0.02236067977531141,3.7316377101696983,0.02414957556563159,1.3038404810405921,0.06300793600808867,0.03447046561908769
-0.0024,-0.0004,642.14,1585.77,1398.55,21.61,554.22,2388.0,9070.67,47.22,522.06,2387.97,8153.42,8.3849,392,39.1,23.3815,642.134,1584.452,1397.364,21.61,554.2639999999999,2388.004,9069.856,47.303999999999995,522.172,2387.994,8150.502,8.40634,391.8,38.98800000000001,23.454019999999996,0.3127778764557445,1.9021487849271794,4.689150242848405,0.0,0.378985487849108,0.008944271911894409,3.577090996891782,0.08080841540336062,0.097826376810941,0.02607680962167479,4.0516379403825535,0.019597397786445692,1.3038404810405921,0.08467585252006127,0.047058867389654514
-0.0017,0.0,642.32,1585.19,1398.56,21.61,553.95,2388.01,9067.27,47.05,522.5,2388.04,8149.85,8.417,393,38.89,23.3749,642.1800000000001,1584.342,1398.162,21.61,554.19,2388.0060000000003,9069.384,47.233999999999995,522.2239999999999,2387.9999999999995,8151.43,8.409020000000002,391.6,38.96,23.4264,0.3214809481137861,1.823312918837646,4.426976394787475,0.0,0.4008116764769127,0.008944271912320214,3.765126823897496,0.11928956366756369,0.17868967513535983,0.03316624790376948,2.905899172361926,0.020040259479363574,0.8944271910000057,0.09027735042633647,0.04422996721679229
-0.0014,0.0001,642.19,1582.74,1398.29,21.61,555.01,2388.04,9059.05,47.36,522.39,2388.0,8154.08,8.4011,393,39.08,23.333,642.182,1584.1079999999997,1397.996,21.61,554.2180000000001,2388.01,9066.456,47.232,522.288,2388.006,8152.74,8.404679999999999,392.0,38.992000000000004,23.401699999999998,0.3215120526514323,1.9623888503558733,4.397536810534448,0.0,0.4606191485383755,0.0173205080773205,5.051948139081234,0.11649034294737846,0.16664333169979412,0.028809720581484934,2.062098445737912,0.018608519554230058,1.0000000000000782,0.10034938963441019,0.05610761980337442
0.0032,-0.0004,641.96,1591.71,1391.45,21.61,554.19,2388.02,9074.21,47.31,522.16,2388.02,8141.25,8.4206,393,38.86,23.4308,642.0600000000001,1586.182,1398.058,21.61,554.28,2388.014,9067.047999999999,47.233999999999995,522.2719999999999,2388.0119999999997,8150.008,8.41068,392.4,38.964,23.396980000000003,0.24382370680522464,3.317569893761803,4.277250284938446,0.0,0.42308391602636153,0.016733200532852276,5.862560873882236,0.11802542099055743,0.17598295371996284,0.02774887385006351,5.172066318208889,0.017750408446011282,0.8944271910000057,0.11588787684654338,0.05135754082897968
-0.0002,-0.0,642.26,1586.89,1402.79,21.6,554.87,2388.04,9068.99,47.31,522.47,2387.98,8148.44,8.3981,391,38.97,23.3634,642.1740000000001,1586.46,1397.9279999999999,21.608,554.4480000000001,2388.022,9068.037999999999,47.25,522.316,2388.0019999999995,8149.408,8.40434,392.4,38.980000000000004,23.37672,0.1377679207948559,3.3043456235681448,4.078016674807232,0.0044721359549988885,0.46381030605212414,0.017888543822873693,5.641393444885599,0.1226784414638521,0.19552493447134622,0.028635642126595796,5.138313925789242,0.014594622297276707,0.8944271910000057,0.10839741694338993,0.03549530954931231
0.0005,0.0003,642.0,1587.31,1398.09,21.61,553.43,2388.03,9073.16,47.4,521.56,2388.01,8149.89,8.3897,392,39.11,23.3678,642.1460000000001,1586.768,1397.836,21.608,554.2900000000001,2388.0280000000002,9068.536,47.286,522.216,2388.0099999999998,8148.702,8.4053,392.4,38.982,23.37398,0.15899685531534172,3.29571236608916,4.065646320083164,0.0044721359549988885,0.655743852430371,0.013038404815147666,6.028447561354912,0.13722244714332546,0.39016663106932165,0.022360679773947564,4.670467856646681,0.013074976099411308,0.8944271910000057,0.11122050170718896,0.03556278954190288
0.0004,0.0001,642.41,1586.12,1397.15,21.61,553.67,2387.98,9070.13,47.29,522.12,2388.01,8157.06,8.398,392,39.14,23.4699,642.164,1586.9540000000002,1397.554,21.608,554.234,2388.022,9069.108,47.333999999999996,522.14,2388.004,8150.144,8.401499999999999,392.2,39.032,23.39298,0.18635986692455353,3.209506192546221,4.051750239094889,0.0044721359549988885,0.7023389495110254,0.02489979919805735,6.013960425544658,0.04505552130434812,0.35658098659343074,0.015165750887846906,6.028982501214485,0.011489342888091227,0.8366600265341685,0.11562871615648639,0.05579795695185027
0.001,-0.0005,641.63,1586.99,1402.58,21.61,553.88,2388.0,9076.72,47.35,521.97,2387.96,8153.67,8.3852,391,39.11,23.4294,642.052,1587.804,1398.4119999999998,21.608,554.008,2388.014,9072.642,47.33200000000001,522.056,2387.996,8150.062,8.398319999999998,391.8,39.038,23.412259999999996,0.3002831996636557,2.226809376662105,4.655772760778417,0.0044721359549988885,0.5569739670759155,0.024083189159107492,3.122670331637953,0.04381780460048676,0.3315569332707255,0.025099800796944557,5.964509200257162,0.013628903110672812,0.8366600265341685,0.11945710527213178,0.04561762817156738
0.0015,0.0001,642.22,1584.18,1404.66,21.61,554.56,2388.07,9073.42,47.37,522.43,2387.97,8152.62,8.4139,393,38.98,23.4146,642.104,1586.298,1401.054,21.608,554.082,2388.024,9072.484,47.344,522.1099999999999,2387.986,8152.336,8.396980000000001,391.8,39.062,23.409019999999998,0.3028696089081839,1.262049919770925,3.25469353396128,0.0044721359549988885,0.6093192923256592,0.03507135583515003,3.042454601154958,0.04449719092265799,0.37222305140859296,0.023021728868978086,3.366679372901707,0.010958421419168272,0.8366600265341685,0.08043631020873925,0.04453405438537527
-0.0015,-0.0,642.25,1589.46,1392.57,21.61,553.9,2387.99,9079.53,47.24,522.26,2388.06,8152.16,8.4309,392,39.03,23.3536,642.102,1586.8120000000001,1399.01,21.61,553.8879999999999,2388.014,9074.592,47.33,522.068,2388.002,8153.08,8.403539999999998,392.0,39.074,23.40706,0.30161233396563353,1.9168907115411677,4.755181384553837,0.0,0.4210344403968475,0.036469165058724815,3.61406557773042,0.06442049363367319,0.3310135948867996,0.03962322551241503,2.6183296201797446,0.018804866391445386,0.7071067811866556,0.06655824516914702,0.047180801180137316
0.0008,-0.0002,642.22,1582.73,1395.23,21.61,554.02,2387.98,9078.63,47.11,522.56,2387.99,8153.14,8.4035,393,39.03,23.3115,642.146,1585.896,1398.438,21.61,554.006,2388.004,9075.685999999998,47.272000000000006,522.268,2387.998,8153.7300000000005,8.406299999999998,392.2,39.058,23.3958,0.29904849105145526,2.5940952179891896,5.05601325156555,0.0,0.3343351611785124,0.03781534080288708,3.8896182332147218,0.1040192289915719,0.23573289969799266,0.03962322551273351,1.9453534382991544,0.017210897710466046,0.8366600265341685,0.06534523701079116,0.06296931792548194
0.001,-0.0004,642.65,1575.87,1400.03,21.61,554.73,2388.04,9074.77,47.16,522.11,2388.01,8156.75,8.4178,393,38.86,23.4082,642.1940000000001,1583.846,1399.0140000000001,21.61,554.218,2388.016,9076.614,47.246,522.266,2387.998,8153.668,8.41026,392.4,39.001999999999995,23.38346,0.3641840194188954,5.156920592756721,5.03660897827172,0.0,0.3980200999952234,0.03781534080341018,2.558345168301502,0.1141490254010037,0.23733941939767147,0.03962322551273351,1.8131381634895911,0.017101257263726386,0.8944271910000057,0.0920326029187351,0.04940170037560717
-0.002,0.0004,642.69,1588.93,1395.53,21.61,554.29,2388.06,9080.86,47.25,522.13,2388.05,8150.38,8.3878,394,38.86,23.4224,642.406,1584.234,1397.6039999999998,21.61,554.3,2388.028,9077.442,47.226,522.298,2388.016,8153.01,8.410779999999999,393.0,38.952,23.38206,0.24172298194399436,5.513277609552954,4.768414830948059,0.0,0.3503569608273671,0.04086563348476656,3.192564799685217,0.09914635646354948,0.19434505396343715,0.03847076812246671,2.334309319673115,0.016162518368130093,0.7071067811866681,0.08642916174531913,0.04784911702426002
0.0008,0.0002,642.39,1585.84,1404.56,21.61,554.08,2388.05,9079.24,47.29,522.43,2388.04,8157.69,8.4055,393,39.01,23.5257,642.44,1584.566,1397.584,21.61,554.204,2388.0240000000003,9078.606,47.21,522.298,2388.0299999999997,8154.023999999999,8.409099999999999,393.0,38.958,23.40428,0.21999999999969025,5.559004407265505,4.7314881379968385,0.0,0.3262361108157934,0.03646916505896407,2.2941076697081537,0.07314369419161093,0.19434505396343715,0.029154759471576315,3.0986012973428916,0.01619367160344222,0.7071067811866681,0.08983317872589414,0.08102948228885447
0.0023,-0.0001,642.75,1589.01,1401.0,21.61,554.01,2388.01,9077.16,47.33,522.15,2387.98,8151.52,8.4311,392,38.96,23.3131,642.5400000000001,1584.4759999999999,1399.27,21.61,554.226,2388.0280000000002,9078.132000000001,47.227999999999994,522.276,2388.014,8153.895999999999,8.409139999999999,393.0,38.944,23.396179999999998,0.22561028345303868,5.462772190014629,3.932677205162832,0.0,0.303529240766374,0.03271085446916905,2.300297806850836,0.09121403400791614,0.20562101059968851,0.03049590136307206,3.2062018027405492,0.016261088524454494,0.7071067811866681,0.08080841540333888,0.08899492682170401
0.0033,-0.0004,642.31,1590.84,1407.96,21.61,554.48,2387.99,9075.64,47.34,521.86,2387.98,8155.84,8.4219,394,38.96,23.4033,642.558,1586.098,1401.816,21.61,554.318,2388.0299999999997,9077.534,47.273999999999994,522.136,2388.012,8154.436,8.41282,393.2,38.93,23.41454,0.1952434377892264,5.993018438148978,4.707645908520736,0.0,0.2950762613294831,0.029154759476138967,2.516918751209471,0.07300684899378473,0.20218803129749066,0.03271085446691576,3.2737027965115963,0.01674057944039478,0.8366600265341791,0.06708203932498327,0.07562230491064797
0.0001,-0.0001,642.17,1587.92,1407.28,21.61,554.1,2387.96,9080.79,47.24,521.93,2388.0,8152.78,8.4061,391,39.04,23.4437,642.4620000000001,1588.508,1403.266,21.61,554.192,2388.014,9078.738000000001,47.29,522.1,2388.01,8153.642,8.410480000000002,392.8,38.966,23.42164,0.24923884127452586,1.8256697401194142,5.118611139754056,0.0,0.1914941252368186,0.04159326868716756,2.294192668504721,0.04527692569071401,0.22293496809594607,0.033166247903075353,3.045655922769708,0.016688079577954935,1.303840481040599,0.06841052550593803,0.07653919257477503
-0.0001,0.0002,642.36,1585.89,1403.37,21.61,554.17,2388.03,9072.93,47.48,521.37,2388.05,8163.51,8.4098,392,38.88,23.3777,642.396,1587.9,1404.834,21.61,554.168,2388.0080000000003,9077.152,47.336,521.948,2388.0099999999998,8156.267999999999,8.41488,392.4,38.97,23.4127,0.215127868952242,2.13071584214996,2.858002799161762,0.0,0.18349386910799803,0.034928498394216766,3.0702719749529583,0.089610267268911,0.3921989291161484,0.033166247903075353,4.726560059901586,0.011216594848713185,1.1401754250992178,0.06082762530296877,0.07899924050267272
0.0016,0.0002,642.64,1582.04,1399.08,21.6,554.79,2388.0,9079.68,47.15,522.09,2388.05,8153.63,8.3746,392,38.89,23.3542,642.4459999999999,1587.1399999999999,1403.738,21.607999999999997,554.3100000000001,2387.998,9077.240000000002,47.308,521.88,2388.012,8155.456,8.4087,392.2,38.946000000000005,23.3784,0.2408941676335977,3.367781168661384,3.863291342885617,0.0044721359549988885,0.32132538026144497,0.02588435821211244,3.1503412513860174,0.1231665539016323,0.30822070014816433,0.03563705936185825,4.76974108310632,0.02148708914674501,1.095445115010413,0.0646529195009658,0.04933132878812016
0.0006,-0.0005,642.21,1586.98,1404.83,21.61,554.11,2388.08,9073.04,47.48,522.52,2388.0,8162.75,8.414,391,38.9,23.3692,642.338,1586.734,1404.5040000000001,21.607999999999997,554.33,2388.0119999999997,9076.416000000001,47.338,521.954,2388.0160000000005,8157.702,8.405280000000001,392.0,38.934000000000005,23.38962,0.1851215816699462,3.204384496278663,3.551834737148694,0.0044721359549988885,0.3004163777162441,0.04549725266513811,3.6721015781378243,0.14601369798757066,0.41512648674813357,0.03209361307075879,5.0864889658614905,0.018128899580507823,1.2247448713916615,0.0669328021227133,0.03509069677280264
0.0001,-0.0002,641.9,1594.28,1398.69,21.6,555.12,2388.0,9070.48,47.12,522.38,2388.0,8150.24,8.4058,391,38.99,23.4025,642.256,1587.422,1402.6499999999999,21.606,554.458,2388.014,9075.384,47.294,522.058,2388.02,8156.582,8.40206,391.4,38.94,23.389460000000003,0.271348484425599,4.438143756120282,3.7126203684209105,0.005477225575051342,0.4692227615963277,0.04449719092343155,4.561965585155063,0.17544229820656815,0.44941072528356957,0.027386127873657646,6.112116654633897,0.01570694114078577,0.5477225575053257,0.0710633520177481,0.03501446843807243
0.0033,-0.0001,642.26,1581.22,1400.15,21.6,554.32,2388.04,9075.91,47.29,521.82,2388.07,8152.98,8.4527,394,39.04,23.33,642.274,1586.0819999999999,1401.224,21.604000000000003,554.5020000000001,2388.03,9074.408,47.303999999999995,522.0360000000001,2388.034,8156.622,8.41138,392.0,38.94,23.366719999999997,0.26717035763730856,5.196808636075806,2.728549064981726,0.005477225575052396,0.43642868833299814,0.03316624790513574,3.519058112636718,0.1730028901492782,0.45981518026254614,0.032093613069196614,6.081592719004834,0.027841551680899055,1.2247448713916615,0.0710633520177481,0.026981604844831746
-0.0014,-0.0003,642.57,1578.58,1399.93,21.61,553.51,2387.99,9084.37,47.28,521.83,2388.04,8158.04,8.4314,393,39.07,23.28,642.316,1584.6200000000001,1400.536,21.604000000000003,554.37,2388.022,9076.696,47.263999999999996,522.128,2388.032,8155.528,8.4157,392.2,38.978,23.347179999999998,0.2987139099540147,6.196434458621772,2.4739805981478864,0.005477225575052396,0.6222137896255084,0.03768288736402489,5.48674129152936,0.14258330898110186,0.31712773451708126,0.031144823002309613,4.912358903813184,0.029178759397894223,1.303840481040599,0.08105553651662882,0.04583330666670369
-0.0003,0.0003,641.76,1589.84,1399.23,21.61,554.2,2388.04,9074.11,47.35,521.84,2388.02,8154.69,8.3897,391,38.8,23.3672,642.14,1586.1799999999998,1400.566,21.606,554.2520000000001,2388.0299999999997,9075.582,47.303999999999995,522.0780000000001,2388.026,8155.74,8.418719999999999,392.0,38.959999999999994,23.349780000000003,0.31866910738284404,6.364102450463222,2.452729092258705,0.005477225575051342,0.5769488712184274,0.036055512756160785,5.291395846102079,0.1301153334546067,0.3432491806252254,0.02966479394633089,4.832188944967812,0.024221828997832026,1.414213562373159,0.11022703842523772,0.04669177657793621
-0.002,0.0,642.22,1585.7,1397.14,21.61,553.58,2388.02,9082.74,47.2,522.02,2388.01,8152.23,8.4298,392,38.87,23.3531,642.142,1585.9240000000002,1399.028,21.606,554.146,2388.018,9077.522,47.248000000000005,521.9780000000001,2388.028,8153.636,8.421879999999998,392.2,38.95399999999999,23.34656,0.3192491190280372,6.349604712105507,1.203337026776599,0.005477225575051342,0.6532074708699251,0.022803508503673277,5.872662939433332,0.08927485648265877,0.23941595602590693,0.027748873848598848,2.9345408499306576,0.02448136025633029,1.303840481040599,0.11502173707608015,0.04555911544360989
0.0056,-0.0002,642.46,1587.12,1401.02,21.61,554.57,2388.0,9080.0,47.4,521.67,2388.0,8158.26,8.4078,391,39.02,23.2821,642.2540000000001,1584.4919999999997,1399.4940000000001,21.607999999999997,554.0360000000001,2388.018,9079.426000000001,47.304,521.836,2388.028,8155.24,8.422279999999999,392.2,38.96,23.32248,0.31125552203953794,4.544900438952978,1.462884137589795,0.0044721359549988885,0.4683268089703824,0.022803508503673277,4.369705939790654,0.07569676347112618,0.12421755109347088,0.027748873848598848,2.803150013802417,0.024167271256809852,1.303840481040599,0.1181101181101728,0.04009085930740533
-0.0011,0.0003,642.52,1578.64,1402.33,21.61,554.75,2387.98,9077.82,47.31,521.8,2388.01,8154.09,8.449,391,38.89,23.2888,642.3059999999999,1583.976,1399.9299999999998,21.61,554.1220000000001,2388.006,9079.808,47.30800000000001,521.832,2388.016,8155.4619999999995,8.421539999999998,391.6,38.92999999999999,23.314239999999998,0.3334366506550698,5.119402308863393,1.9507818945264397,0.0,0.5633560153227334,0.02408318915843598,4.057852880557946,0.07529940238809293,0.1251798705849138,0.01516575088560553,2.6172065260264827,0.023032976359997966,0.8944271910000156,0.11157956802210225,0.042330284667208284
0.0032,-0.0002,642.89,1588.92,1399.35,21.61,553.37,2388.02,9081.36,47.41,521.91,2388.02,8153.26,8.4108,393,38.94,23.405,642.3700000000001,1586.0439999999999,1399.8139999999999,21.61,554.094,2388.012,9079.206,47.334,521.848,2388.012,8154.505999999999,8.41742,391.6,38.903999999999996,23.33924,0.41701318923988673,4.437801257378672,1.9679507107679375,0.0,0.6034318519935102,0.02280350850314357,3.378221425577913,0.08502940667795941,0.12988456413167052,0.0083666002622305,2.29303946758365,0.02266786271354683,0.8944271910000156,0.08203657720796742,0.05269585372688036
0.0,-0.0,642.04,1593.09,1403.33,21.61,554.15,2388.01,9079.11,47.36,522.18,2388.05,8161.32,8.4324,394,38.95,23.4238,642.426,1586.694,1400.634,21.61,554.0840000000001,2388.0060000000003,9080.206,47.336,521.9159999999999,2388.018,8155.832,8.42596,392.2,38.934000000000005,23.350559999999998,0.3227692674341634,5.289147379303268,2.457158928521579,0.0,0.6016477374679645,0.016733200531980928,1.9163454804042295,0.08561541917205098,0.1965451602043543,0.019235384059506436,3.8287556725216625,0.016931272840523336,1.303840481040599,0.05856620185737685,0.0648755192657733
0.0023,0.0004,643.29,1591.32,1399.0,21.61,554.0,2388.01,9080.67,47.41,521.71,2388.02,8161.38,8.402,394,38.86,23.3006,642.64,1587.818,1401.0059999999999,21.61,554.168,2388.004,9079.792,47.378,521.8539999999999,2388.02,8157.661999999999,8.4204,392.6,38.932,23.34006,0.4721758147130208,5.612380956420253,1.8655106539535342,0.0,0.5398333076054808,0.015165750889457359,1.380822218916338,0.043243496620994644,0.20427922067523663,0.018708286931371318,3.8632525156694895,0.019694161571395127,1.5165750888103666,0.06140032573202582,0.06850845203334177
-0.002,-0.0005,642.35,1593.21,1399.55,21.61,554.21,2388.0,9078.07,47.19,522.25,2388.0,8156.19,8.4312,392,38.91,23.3816,642.6179999999999,1589.0359999999998,1400.712,21.61,554.096,2388.004,9079.405999999999,47.336,521.97,2388.02,8157.248,8.42508,392.8,38.91,23.35996,0.4850463895339468,6.065560979825941,1.9753531329900653,0.0,0.4949545433677,0.015165750889457359,1.5655446337426075,0.09154233993080402,0.23590252224127303,0.018708286931371318,3.8939401638745936,0.018707004035928555,1.3038404810405921,0.03674234614172735,0.061562553553299315
-0.001,-0.0002,642.65,1591.18,1400.18,21.61,554.27,2388.0,9077.38,47.24,521.85,2388.0,8156.28,8.483,394,39.0,23.3306,642.644,1591.544,1400.282,21.61,554.0,2388.0080000000003,9079.318,47.321999999999996,521.9799999999999,2388.018,8157.686,8.431880000000001,393.4,38.932,23.36832,0.48195435468507475,1.7488367562423635,1.7570344333600927,0.0,0.3661966684725729,0.008366600268125478,1.684805626841886,0.10134100848129368,0.22781571499744813,0.02049390152994742,3.558648619887401,0.03142915843608137,0.8944271910000057,0.05167204273104378,0.051499048534919656
-0.0012,0.0001,642.62,1592.53,1402.84,21.61,554.44,2388.04,9088.92,47.47,521.49,2388.06,8165.8,8.3968,393,39.12,23.3798,642.5899999999999,1592.266,1400.98,21.61,554.214,2388.0119999999997,9080.829999999998,47.333999999999996,521.896,2388.0260000000003,8160.194,8.42908,393.4,38.968,23.36328,0.46222288995670463,0.9636026151808609,1.9740440724598078,0.0,0.16133815419863243,0.016431676726779764,4.689141712541053,0.11674759098159865,0.3191864658780403,0.027928480085316027,4.0451551267873675,0.034271737627384335,0.8944271910000057,0.09934787365615345,0.048135143086963456
-0.0042,0.0003,642.28,1595.28,1407.96,21.61,553.85,2388.01,9080.28,47.41,522.07,2387.98,8159.05,8.3968,392,39.07,23.372,642.6379999999999,1592.7040000000002,1401.906,21.61,554.154,2388.0119999999997,9081.064,47.344,521.874,2388.012,8159.74,8.42196,393.0,38.992,23.35292,0.39896115099080065,1.6703382890848573,3.6911353267003157,0.0,0.23158151912505776,0.016431676726779764,4.610382847476042,0.12157302332346351,0.29779187362939125,0.030331501775329343,4.014455131121071,0.036999027014236616,1.0000000000000782,0.10802777420644766,0.03586324023290924
-0.0028,0.0002,642.43,1581.07,1403.39,21.61,554.33,2388.04,9082.09,47.25,522.1,2388.07,8154.44,8.4095,393,38.8,23.3743,642.466,1590.654,1402.784,21.61,554.22,2388.018,9081.348,47.312,521.952,2388.022,8158.351999999999,8.42346,392.8,38.980000000000004,23.36766,0.16349311912118397,5.558374762463008,3.3317007668781278,0.0,0.22360679775045617,0.020493901533535624,4.623761455818365,0.1209131920015549,0.2951609730295829,0.04024922359373209,4.478590179935604,0.036129323270720395,0.8366600265341685,0.12786711852544186,0.021083595518841536
-0.0012,-0.0003,642.63,1589.51,1416.47,21.61,554.08,2387.95,9085.52,47.33,521.83,2388.03,8160.81,8.4187,393,38.99,23.4302,642.5219999999999,1589.914,1406.1680000000001,21.61,554.1940000000001,2388.008,9082.838,47.339999999999996,521.868,2388.0280000000002,8159.276,8.420960000000001,393.0,38.996,23.377380000000002,0.16177144370982843,5.376330532992413,6.402957910217837,0.0,0.23244354153263017,0.03701351104740995,4.502123943247988,0.10000000000003484,0.24458127483456352,0.0383405790235941,4.396865929249507,0.03589154496535632,0.7071067811866556,0.12177848742696469,0.035435180259189736
0.0004,-0.0004,642.39,1592.28,1402.14,21.61,554.17,2388.06,9084.02,47.33,521.54,2388.03,8164.15,8.3952,394,38.9,23.2709,642.47,1590.134,1406.56,21.61,554.174,2388.0199999999995,9084.166000000001,47.358,521.8059999999999,2388.0340000000006,8160.85,8.4034,393.0,38.976,23.36544,0.15182226450678282,5.462895752253209,5.991489798040364,0.0,0.22853883696266628,0.04301162633604229,3.3115676046872147,0.08438009243896671,0.286059434383238,0.03507135583102971,4.464364456421301,0.010315764634770588,0.7071067811866556,0.12895735729301785,0.05800735298220516
0.0018,0.0003,642.45,1581.23,1399.59,21.61,553.69,2387.98,9083.66,47.2,521.4,2388.05,8159.89,8.4189,392,38.75,23.3331,642.4359999999999,1587.874,1405.91,21.61,554.024,2388.0080000000003,9083.114000000001,47.303999999999995,521.788,2388.032,8159.668,8.407820000000001,392.8,38.902,23.3561,0.12680693987305577,6.46868070011101,6.637427965712385,0.0,0.25491174943567046,0.04438468204297373,1.999244857533284,0.08111719916272075,0.3125219992250914,0.03346640105898409,3.505555590742436,0.011452816247544835,0.8366600265341685,0.13179529581892493,0.05887040852587044
0.0072,-0.0004,642.42,1585.36,1406.59,21.61,554.18,2387.98,9078.92,47.31,521.76,2387.98,8165.53,8.4277,393,38.98,23.3523,642.4639999999999,1585.89,1405.636,21.61,554.0899999999999,2388.002,9082.842,47.284000000000006,521.726,2388.032,8160.964,8.414,393.0,38.884,23.35216,0.09528903399639328,4.979091282552565,6.559464917203258,0.0,0.24093567606374724,0.046043457733396555,2.5087885523420774,0.05727128425313516,0.2705180215800503,0.03346640105898409,4.322577934491557,0.012323554681993287,0.7071067811866556,0.10691117808722096,0.058195601208366386
-0.0014,-0.0003,642.76,1584.02,1404.16,21.61,553.91,2388.01,9082.93,47.31,521.89,2387.97,8167.05,8.4071,393,38.98,23.2815,642.53,1586.48,1405.79,21.61,554.0060000000001,2387.996,9083.01,47.29600000000001,521.684,2388.012,8163.486,8.41352,393.0,38.92,23.3336,0.1589024858205543,4.407079531843099,6.502341885814731,0.0,0.20719555979886345,0.04159326868666942,2.473721892284836,0.05458937625586184,0.206712360538854,0.034928498392462135,3.058313260555636,0.012586580155072899,0.7071067811866556,0.10173494974686786,0.06388896618356493
-0.0016,0.0003,642.42,1593.65,1398.69,21.61,553.6,2388.04,9086.13,47.33,521.76,2388.03,8163.9,8.4321,394,38.89,23.4849,642.4879999999999,1587.3079999999998,1402.234,21.61,553.91,2388.014,9083.132,47.29600000000001,521.67,2388.0119999999997,8164.103999999999,8.4162,393.2,38.9,23.344540000000002,0.1535252422240778,5.396514615934051,3.249758452564367,0.0,0.266926956301598,0.03577708764068621,2.638042835204314,0.05458937625586184,0.196468827042687,0.034928498392462135,2.66992134709541,0.015134067529917451,0.8366600265341685,0.09407443861111948,0.08557001811384499
0.0048,0.0001,642.37,1575.95,1404.42,21.61,554.34,2388.02,9088.3,47.48,522.4,2388.05,8163.55,8.4248,393,38.95,23.313,642.484,1584.042,1402.69,21.61,553.9440000000001,2388.006,9083.988000000001,47.326,521.842,2388.016,8163.9839999999995,8.42212,393.0,38.910000000000004,23.352960000000003,0.15693947878070866,6.4699126732895715,3.3901991091991266,0.0,0.3148491702393761,0.026076809621640284,3.538823250800737,0.10014988766846118,0.3614138901587454,0.03847076812249774,2.68079838848036,0.009668091848972549,0.7071067811866556,0.09669539802905555,0.07827252391486489
-0.0002,0.0002,642.99,1585.51,1405.08,21.61,554.27,2387.99,9085.55,47.23,521.59,2388.04,8160.96,8.423,393,39.07,23.4418,642.592,1584.898,1403.788,21.61,554.0600000000001,2388.008,9084.365999999998,47.33200000000001,521.88,2388.014,8164.198000000001,8.42294,393.2,38.974000000000004,23.3747,0.271606332768483,6.285361564778301,3.001994337106024,0.0,0.3045488466573814,0.023874672773594192,3.595515262159823,0.09121403400796446,0.30959651160777407,0.03646916505680116,2.2859068221767234,0.009499105221028885,0.44721359550012796,0.06503845016602133,0.08608330267828672
-0.0009,-0.0003,642.66,1584.44,1409.35,21.61,553.2,2388.03,9086.45,47.34,522.37,2388.07,8163.64,8.4191,392,38.97,23.4428,642.64,1584.714,1404.34,21.61,553.8639999999999,2388.018,9085.872,47.338,522.0020000000001,2388.032,8163.82,8.42122,393.0,38.971999999999994,23.3928,0.2542636427016821,6.281920884569666,3.795029644155299,0.0,0.47542612465082285,0.01923538406298809,1.9400309277156784,0.09038805230784884,0.3656090808497417,0.03768288736095492,2.1635734329307654,0.009195488024034646,0.7071067811866556,0.06496152707563174,0.08963696224214725
0.0007,0.0002,642.86,1587.56,1405.24,21.61,553.78,2388.03,9084.09,47.28,521.66,2388.02,8164.33,8.4636,392,39.05,23.3233,642.66,1585.422,1404.556,21.61,553.838,2388.022,9086.104,47.33200000000001,521.9559999999999,2388.042,8163.276,8.43252,392.8,38.986000000000004,23.40116,0.26953663943873546,6.382826176545285,3.812916206792104,0.0,0.4758361062388218,0.019235384063041285,1.5252803022738397,0.09364827814757774,0.39639626637969244,0.019235384056508435,1.3296352882263012,0.018003249706657107,0.8366600265341685,0.07402702209327516,0.07783355959995403
-0.0003,-0.0002,642.49,1587.17,1406.17,21.61,553.12,2388.01,9083.98,47.52,521.43,2388.05,8170.37,8.4014,392,38.82,23.4176,642.674,1584.1260000000002,1406.0520000000001,21.61,553.742,2388.016,9085.674,47.37,521.89,2388.0460000000003,8164.57,8.426379999999998,392.4,38.972,23.3877,0.2554016444737927,4.741289908874262,1.9466817921839674,0.0,0.5741254218379439,0.016733200532225524,1.7952799225982832,0.1256980508997976,0.459619407770967,0.01816590211872269,3.4869399191361743,0.02278293220812874,0.5477225575053095,0.09909591313469064,0.06438998369312272
0.0002,-0.0,642.08,1585.16,1409.3,21.61,553.97,2388.05,9089.52,47.35,521.98,2388.01,8168.53,8.411,391,38.94,23.4587,642.6160000000001,1585.968,1407.028,21.61,553.668,2388.022,9085.918,47.34400000000001,521.8059999999999,2388.038,8165.566000000001,8.42362,392.0,38.97,23.41684,0.35514785653291014,1.339466311629429,2.1378423702467657,0.0,0.49635672655928254,0.02280350850306381,2.2633095237941725,0.10968135666560307,0.37340326725899126,0.023874672768697456,3.8182495989186114,0.023833841486427795,0.7071067811866556,0.09974968671629086,0.05431273331363714
0.0004,0.0003,642.5,1589.35,1401.06,21.61,553.56,2387.98,9086.56,47.26,521.97,2388.0,8167.86,8.418,393,39.04,23.4108,642.518,1586.7359999999999,1406.2239999999997,21.61,553.5260000000001,2388.0200000000004,9086.12,47.35,521.882,2388.03,8166.945999999999,8.422619999999998,392.0,38.964,23.41064,0.2872629457482216,1.9656881746576613,3.4231462136492112,0.0,0.36534914807724395,0.026457513111549983,2.2673222092386056,0.10246950765963163,0.3567492116315442,0.02915475947151295,2.8653673411293563,0.02397085730632428,0.7071067811866556,0.09289779329993811,0.05248993236801481
-0.0046,-0.0,642.68,1592.85,1404.96,21.61,553.17,2388.05,9084.13,47.16,522.24,2388.07,8168.34,8.4462,394,38.92,23.3621,642.522,1588.4180000000001,1405.346,21.61,553.52,2388.0240000000003,9085.655999999999,47.31400000000001,521.856,2388.03,8167.886,8.42804,392.4,38.95399999999999,23.3945,0.2898620361481327,2.8904791990233316,2.951403056178462,0.0,0.37222305140974143,0.02966479394916526,2.415456478698233,0.1337161172035983,0.3145313974784164,0.02915475947151295,2.2043661219476545,0.025957426682940016,1.14017542509921,0.09476286192384559,0.0525360352520069
-0.0003,-0.0,642.45,1585.34,1409.34,21.61,554.09,2388.01,9095.61,47.58,521.94,2388.01,8168.07,8.4095,391,38.94,23.3949,642.4399999999999,1587.9740000000002,1406.166,21.61,553.582,2388.02,9087.960000000001,47.374,521.912,2388.0280000000002,8168.634,8.417219999999999,392.2,38.931999999999995,23.40882,0.21988633427290172,3.208259652831593,3.443178763878078,0.0,0.4450505589264633,0.03000000000080831,4.832840779562283,0.17544229820658458,0.2952456604249301,0.030331501773697023,1.0035088437948505,0.017240997650951106,1.3038404810405921,0.07823042886241659,0.03516229514691747
-0.0044,-0.0002,642.68,1592.47,1400.53,21.61,553.14,2388.04,9089.56,47.56,521.34,2388.03,8167.74,8.4191,393,38.89,23.2989,642.4780000000001,1589.034,1405.038,21.61,553.586,2388.0260000000003,9089.076,47.382,521.894,2388.0240000000003,8168.108,8.42076,392.4,38.946,23.38508,0.24560130292803958,3.7121866871139835,4.266863016317612,0.0,0.4399204473546857,0.030495901364672593,4.2987707546055685,0.18444511378729506,0.3323853185682791,0.027928480085058556,0.3279786572097358,0.014829126744355142,1.3416407864999362,0.056391488719467656,0.059440995953978844
-0.0018,0.0001,642.32,1593.92,1408.5,21.61,553.54,2388.04,9094.46,47.66,521.9,2388.04,8172.37,8.4501,394,38.83,23.3885,642.5260000000001,1590.7859999999998,1404.878,21.61,553.5,2388.0240000000003,9090.064,47.444,521.8779999999999,2388.0299999999997,8168.875999999999,8.42858,393.0,38.924,23.37104,0.15517731792995118,3.4870804407103657,4.0779063255571435,0.0,0.3846426913393317,0.02880972058251225,4.945384717157756,0.219727103471578,0.3291200388911785,0.027386127872316788,1.9664511180221051,0.018299098338449588,1.2247448713916615,0.07700649323270004,0.043986111444433415
-0.0026,-0.0,642.91,1589.26,1408.95,21.61,553.62,2388.03,9096.54,47.62,521.92,2387.99,8166.97,8.4786,394,38.84,23.3049,642.608,1590.768,1406.4560000000001,21.61,553.512,2388.034,9092.06,47.516,521.868,2388.028,8168.697999999999,8.4407,393.2,38.884,23.34986,0.22884492565903425,3.4965654577005623,3.7440259080329397,0.0,0.38790462745469434,0.015165750889249352,5.185744883890723,0.20268201696255894,0.3263740185733596,0.030331501773772925,2.1160033080251357,0.0273633879481394,1.303840481040599,0.04827007354456458,0.045524147438520325
-0.0007,0.0002,642.03,1591.37,1406.81,21.61,553.69,2388.04,9092.98,47.48,522.17,2388.03,8173.34,8.4485,393,38.85,23.3004,642.478,1590.472,1406.8259999999998,21.61,553.616,2388.032,9093.829999999998,47.58,521.854,2388.02,8169.697999999999,8.44116,393.0,38.87,23.33752,0.33685308370261435,3.3351716597478416,3.6494424231685905,0.0,0.3400441147862181,0.013038404811690439,2.7324348118275044,0.06782329983134033,0.3073759912545366,0.019999999997014097,2.9295852948079,0.027497963560969084,1.2247448713916615,0.0452769256906607,0.049560286520613436
-0.002,0.0001,642.52,1587.28,1399.82,21.61,553.39,2388.04,9091.33,47.44,521.62,2388.03,8173.69,8.4002,393,38.8,23.3837,642.492,1590.8600000000001,1404.922,21.61,553.476,2388.038,9092.973999999998,47.552,521.79,2388.0240000000003,8170.822,8.4393,393.4,38.842,23.33528,0.3368530837026052,2.6264139049252067,4.413373992765472,0.0,0.2184719661667756,0.004472135958649776,2.705675516547266,0.09230384607377702,0.31811947441122995,0.019493588686222963,3.2132024523102394,0.030342297210335815,0.5477225575053257,0.03271085446755665,0.0464756065049779
0.0018,0.0003,642.46,1589.84,1409.99,21.61,553.75,2388.05,9094.97,47.52,522.06,2388.05,8170.11,8.4536,393,38.89,23.3509,642.448,1590.334,1406.8139999999999,21.61,553.5980000000001,2388.04,9094.056,47.544,521.934,2388.028,8171.296,8.446200000000001,393.4,38.842,23.345679999999998,0.3201093563143421,2.48279681004808,4.07455887183175,0.0,0.14024977718603518,0.00707106781412599,1.984799738234305,0.09316651759087753,0.2070748656880799,0.0228035084987796,2.79211031292165,0.02846497848234612,0.5477225575053257,0.03271085446755665,0.04189155046073835
-0.0006,0.0002,642.68,1584.55,1406.73,21.61,553.7,2387.99,9097.78,47.45,521.51,2388.04,8167.16,8.4205,394,38.92,23.3002,642.5200000000001,1588.46,1406.4599999999998,21.61,553.63,2388.0299999999997,9094.72,47.501999999999995,521.856,2388.0280000000002,8170.253999999999,8.44028,393.4,38.86,23.328020000000002,0.3245766473422651,2.631206947388664,3.966925761849106,0.0,0.14195069566832555,0.023452078800045947,2.610469306643462,0.07293833011531248,0.2827189417066304,0.0228035084987796,3.229075719078582,0.03045926788352505,0.5477225575053257,0.046368092477454284,0.03773296966853009
0.0005,-0.0005,642.74,1590.54,1403.76,21.61,554.45,2388.09,9092.99,47.42,522.15,2388.01,8178.5,8.4336,395,38.9,23.2789,642.486,1588.716,1405.422,21.61,553.796,2388.042,9094.01,47.462,521.9019999999999,2388.032,8172.5599999999995,8.431280000000001,393.6,38.872,23.32282,0.2792489928360886,2.78620351015253,3.8291213091282224,0.0,0.3921479312717046,0.03563705936296549,2.4707387560996,0.038987177379353165,0.3128418130616849,0.014832396968535916,4.25239344363887,0.02169255632700324,0.8944271910000057,0.04764451699826431,0.04312234919396976
0.0025,-0.0002,642.44,1588.17,1396.25,21.61,554.06,2388.05,9095.39,47.66,521.53,2388.03,8173.61,8.4381,394,38.89,23.4518,642.568,1588.076,1403.31,21.61,553.87,2388.0440000000003,9094.492000000002,47.498000000000005,521.774,2388.032,8172.614,8.4292,393.8,38.879999999999995,23.3531,0.1346105493633983,2.3589256028935486,5.4439186254034935,0.0,0.401932830210032,0.0357770876405321,2.4545916159140235,0.09808159868196321,0.30664311503718417,0.014832396968535916,4.266465750419384,0.020066265223010176,0.8366600265341685,0.046368092477457566,0.06889655288912373
-0.0003,-0.0001,641.75,1592.56,1398.84,21.61,553.36,2388.01,9101.97,47.44,521.65,2388.06,8179.16,8.4567,393,39.06,23.2508,642.414,1589.132,1403.114,21.61,553.8639999999999,2388.038,9096.619999999999,47.498000000000005,521.78,2388.038,8173.7080000000005,8.4405,393.8,38.932,23.32652,0.3939289275998884,3.0064547227566667,5.615908653104541,0.0,0.4110109487600603,0.03898717737976974,3.441671105875274,0.09808159868196321,0.3031501278240044,0.01923538405654537,5.208624578473931,0.014894797749563642,0.8366600265341685,0.0725947656515182,0.07903067126126535
-0.0008,0.0004,642.93,1589.76,1407.48,21.61,553.83,2388.08,9099.85,47.46,521.56,2388.02,8174.3,8.4342,394,38.85,23.2648,642.508,1589.116,1402.6119999999999,21.61,553.88,2388.0440000000003,9097.596,47.486000000000004,521.68,2388.032,8174.545999999999,8.43662,394.0,38.924,23.3093,0.45844301717873726,3.0019543634082653,4.916204837068226,0.0,0.4070012285001579,0.043358966777672786,3.5471086818792763,0.09838699101003809,0.2681417535552509,0.019235384057174818,4.806576744364661,0.013040590477440878,0.7071067811866556,0.08018728078691045,0.08172472086221991
0.0029,-0.0002,642.32,1597.86,1407.14,21.61,553.88,2388.0,9103.18,47.48,521.47,2387.99,8176.7,8.4579,394,38.76,23.3425,642.4359999999999,1591.7779999999998,1402.694,21.61,553.9159999999999,2388.0460000000003,9098.676000000001,47.492000000000004,521.672,2388.022,8176.454000000001,8.4441,394.0,38.892,23.31776,0.45291279513828003,3.74916257316013,5.0046858043251445,0.0,0.3948797285258281,0.04037325847657673,4.348652665034727,0.09654014708922672,0.2749909089400646,0.02588435820862913,2.4646054449812795,0.01218051723041821,0.7071067811866556,0.10894952959971288,0.08273042366630931
-0.004,-0.0005,642.82,1579.3,1415.57,21.61,553.64,2388.01,9106.23,47.46,521.53,2388.03,8178.21,8.4547,394,38.96,23.1606,642.452,1589.53,1405.056,21.61,553.754,2388.03,9101.323999999999,47.5,521.548,2388.026,8176.396000000001,8.44832,393.8,38.904,23.2941,0.4675147056510391,6.803036086923619,7.696546628197671,0.0,0.26623298067800855,0.033911649916168754,4.04091326326585,0.09055385138142819,0.06572670689805254,0.025099800793151196,2.407162229562518,0.011253088464978345,0.44721359550012796,0.113269589917148,0.10927886346411664
0.0005,0.0001,642.46,1588.51,1404.86,21.61,553.33,2388.03,9104.63,47.45,521.58,2388.05,8178.43,8.4626,393,38.71,23.2917,642.456,1589.598,1406.7779999999998,21.61,553.608,2388.0260000000003,9103.171999999999,47.458,521.558,2388.0299999999997,8177.360000000001,8.45322,393.6,38.867999999999995,23.26208,0.4674719242906219,6.787725686854551,6.012771407597892,0.0,0.2564566240142757,0.03209361307240274,2.4473291567187827,0.014832396974510054,0.06610597552162169,0.027386127872301217,1.9304533144873277,0.011022114134808983,0.5477225575053095,0.14342245291445438,0.06666623583202938
0.0011,0.0,641.96,1596.72,1403.51,21.61,553.57,2388.07,9106.43,47.61,521.52,2388.05,8176.5,8.4905,392,39.01,23.2769,642.498,1590.4299999999998,1407.712,21.61,553.6500000000001,2388.038,9104.064,47.492000000000004,521.5319999999999,2388.028,8176.8279999999995,8.45998,393.4,38.858,23.2673,0.39143326378829535,7.462928379663378,4.688280068429111,0.0,0.22034064536705297,0.03563705936300058,2.699496249556376,0.06685805860185853,0.042071367931872675,0.024899799192994666,1.6576398883426469,0.02021848164430139,0.8944271909999957,0.12755391017134182,0.0665839695423107
-0.0013,0.0,642.96,1601.29,1405.87,21.61,553.66,2388.02,9103.06,47.47,521.08,2388.0,8184.0,8.4372,394,38.85,23.2722,642.5040000000001,1592.736,1407.3899999999999,21.61,553.616,2388.0260000000003,9104.706,47.494,521.436,2388.024,8178.767999999999,8.460580000000002,393.4,38.858,23.26878,0.39984997186442345,8.855559270875238,4.762893028404996,0.0,0.19756011743462143,0.02701851217306848,1.607678450873233,0.06580273550552139,0.20280532537295273,0.02792848008525191,3.050404891058416,0.01928514972721162,0.8944271909999957,0.12755391017134182,0.06659674916999515
-0.0011,-0.0004,643.16,1593.89,1403.24,21.61,553.06,2388.07,9109.78,47.51,521.37,2388.08,8179.52,8.4666,393,38.84,23.3597,642.672,1591.942,1406.61,21.61,553.452,2388.04,9106.026,47.5,521.4159999999999,2388.0420000000004,8179.332,8.462320000000002,393.2,38.874,23.272219999999997,0.47299048616216083,8.449968638994166,5.120024414006923,0.0,0.25547994050587963,0.02828427124815364,2.502165062793918,0.06557438524309288,0.20354360712050082,0.029495762403503305,2.8248132680557627,0.01937516451545677,0.8366600265341579,0.11674759098156465,0.07161205904043608
-0.0026,-0.0004,642.21,1589.58,1407.52,21.61,553.58,2388.01,9107.7,47.41,522.05,2388.06,8182.78,8.4403,395,38.77,23.2359,642.55,1593.998,1405.0,21.61,553.4399999999999,2388.04,9106.32,47.489999999999995,521.5200000000001,2388.0480000000002,8180.246000000001,8.45944,393.4,38.836,23.287280000000003,0.5029910535983304,5.24954950447973,1.763845231312292,0.0,0.24566236993259088,0.02828427124815364,2.6159032859570233,0.076157731058702,0.35376545902563883,0.02949576240296562,3.0972213352242726,0.021719415277602194,1.1401754250992022,0.11260550608206488,0.04538515175703994
-0.0011,-0.0002,642.71,1593.21,1406.15,21.61,554.28,2388.05,9107.04,47.55,521.31,2388.0,8183.83,8.4203,394,38.74,23.2732,642.6,1594.9379999999999,1405.2579999999998,21.61,553.63,2388.0440000000003,9106.802,47.510000000000005,521.466,2388.0379999999996,8181.326000000001,8.45098,393.6,38.842000000000006,23.28358,0.5042320894190907,4.367948030824393,1.8313028149445152,0.0,0.4342810150130617,0.02792848008820143,2.4429735982000507,0.07615773105870409,0.3628084894260664,0.03633180424612872,3.2436985062350217,0.02761805568827667,1.1401754250992022,0.10473776778219981,0.04568782113441006
0.0015,-0.0004,643.56,1595.78,1407.61,21.61,553.92,2388.05,9115.93,47.6,521.18,2388.03,8188.23,8.4469,394,39.03,23.2962,642.92,1594.75,1406.078,21.61,553.7,2388.04,9108.702000000001,47.507999999999996,521.3979999999999,2388.034,8183.6720000000005,8.442260000000001,394.0,38.846000000000004,23.28744,0.5042320894189509,4.291637216725433,1.7698220249577408,0.0,0.4501110973979002,0.02449489742861707,4.717109284465713,0.0729383301153106,0.38153636785977785,0.03577708763713334,3.1202035188927986,0.01677536884841956,0.7071067811866429,0.11282730166054016,0.04579752176711677
0.0015,0.0,642.33,1598.41,1409.12,21.61,552.91,2388.05,9114.58,47.47,521.61,2388.03,8180.99,8.4387,395,38.64,23.2877,642.794,1594.1740000000002,1406.728,21.61,553.55,2388.046,9111.006,47.507999999999996,521.5039999999999,2388.04,8183.07,8.44256,394.2,38.804,23.29054,0.5665950935190375,3.2648782519388795,2.215123021420489,0.0,0.5745432968896484,0.021908902300949502,4.03674126018712,0.0729383301153106,0.34275355577971856,0.0308220700110386,3.3247631493568854,0.016675371060355222,0.8366600265341579,0.14536161804271852,0.045026136854157225
-0.002,-0.0005,642.83,1586.89,1414.64,21.61,553.34,2387.99,9117.72,47.66,521.67,2388.04,8183.97,8.4495,394,38.67,23.3769,642.7280000000001,1592.7740000000001,1409.0079999999998,21.61,553.606,2388.0299999999997,9112.594000000001,47.538,521.564,2388.032,8183.959999999999,8.43914,394.4,38.77,23.293979999999998,0.5314320276384291,4.6317847532008924,3.3192122559477557,0.0,0.5264788694722553,0.02828427124828427,4.902731891687625,0.09984988733098601,0.33967631651270236,0.021679483384157986,2.667545688326058,0.011445872618566427,0.5477225575052932,0.15443445211479245,0.051781241777394085
-0.0017,0.0001,643.12,1591.34,1410.71,21.61,552.86,2388.03,9117.46,47.64,521.68,2388.05,8190.41,8.4233,393,38.89,23.1283,642.9100000000001,1593.126,1409.646,21.61,553.462,2388.034,9114.546,47.583999999999996,521.49,2388.0299999999997,8185.486,8.43574,394.0,38.794,23.272460000000002,0.46081449629952864,4.388875710245615,3.2678785167192834,0.0,0.6246759159763257,0.026076809621695864,4.382417141471851,0.0763544366753604,0.22989127865066644,0.018708286928958814,3.7759078377628104,0.013377144687875557,0.7071067811866429,0.1634931191212557,0.09011965934251445
0.0014,-0.0003,642.31,1594.91,1408.81,21.61,554.33,2388.06,9111.76,47.6,521.63,2388.01,8187.24,8.4776,393,38.86,23.2156,642.83,1593.466,1410.178,21.61,553.472,2388.036,9115.49,47.59400000000001,521.554,2388.032,8186.168,8.4472,393.8,38.818000000000005,23.260939999999998,0.5332447843156484,4.462244950692836,2.7284556071222528,0.0,0.6412253893919756,0.027928480088316426,2.4386676694284812,0.07402702209336699,0.21102132593561443,0.014832396967547158,3.7093961771784962,0.019830532015068895,0.8366600265341579,0.16238842323268685,0.0936151323238496
0.0,-0.0004,642.52,1591.79,1418.17,21.61,553.21,2388.05,9121.62,47.76,521.31,2388.04,8191.27,8.4526,393,38.89,23.2202,642.6220000000001,1592.6680000000001,1412.29,21.61,553.3299999999999,2388.036,9116.628,47.626,521.5799999999999,2388.0340000000006,8186.776000000001,8.44834,393.6,38.79,23.245739999999998,0.34795114599604615,4.298746328871303,4.023450012121693,0.0,0.5940959518469787,0.027928480088316426,3.6978534316510188,0.10526157893558541,0.15362291495614033,0.015165750881282037,4.329223948845441,0.019972305825835514,0.8944271909999957,0.12429802894654819,0.09262350133747478
0.0011,0.0003,642.77,1588.85,1409.98,21.61,552.94,2388.06,9113.29,47.56,521.3,2388.03,8191.05,8.4415,393,38.75,23.357,642.71,1590.7559999999999,1412.462,21.61,553.336,2388.038,9116.369999999999,47.644,521.518,2388.034,8188.7880000000005,8.448899999999998,393.2,38.812,23.2596,0.3091116303213676,3.051422619039546,3.869492214754057,0.0,0.5889227453587969,0.029495762408201107,3.9150862061976737,0.07536577472575098,0.19537144110553,0.015165750881282037,3.1431385587054113,0.019671425977816764,0.44721359550012796,0.09808159868190273,0.10485001192184921
0.0016,0.0004,642.96,1589.58,1415.05,21.61,552.97,2388.04,9120.25,47.74,521.9,2388.04,8196.4,8.4675,394,38.64,23.2335,642.7360000000001,1591.2939999999999,1412.544,21.61,553.262,2388.0480000000002,9116.876,47.660000000000004,521.564,2388.0340000000006,8191.273999999999,8.4525,393.2,38.806,23.23092,0.3266955769518918,2.357674701901447,3.9310405747132875,0.0,0.6111219190971345,0.013038404811705692,4.2796997560558925,0.0871779788708892,0.2573518991568279,0.015165750881282037,3.2918733267211646,0.02138141716539907,0.44721359550012796,0.1092245393672945,0.08182803309388786
-0.0043,-0.0004,643.31,1597.04,1409.69,21.61,553.48,2388.0,9117.34,47.73,521.96,2388.02,8194.56,8.4508,394,38.97,23.1857,642.774,1592.434,1412.3400000000001,21.61,553.3860000000001,2388.042,9116.852,47.678000000000004,521.6199999999999,2388.028,8192.104000000001,8.458,393.4,38.822,23.242399999999996,0.3878530649613348,3.4910929520688545,4.07388021424805,0.0,0.570727605781356,0.02489979919679948,4.275940832376418,0.09121403400800566,0.3132890039557746,0.013038404803547978,3.533854835609864,0.014384540312466568,0.5477225575053095,0.12872451204024007,0.06640470615862545
-0.0004,0.0002,643.08,1597.09,1410.26,21.61,553.08,2388.05,9121.68,47.51,521.8,2388.08,8195.04,8.4578,394,38.69,23.3193,642.928,1592.8700000000001,1412.6299999999999,21.61,553.1360000000001,2388.04,9118.836,47.660000000000004,521.654,2388.042,8193.664,8.454039999999999,393.6,38.788,23.26314,0.30061603416959215,3.9795791234732563,3.802334809040651,0.0,0.21961329650321235,0.02345207880005564,3.5649165491045247,0.11597413504748992,0.32369738954705557,0.022803508496475052,2.3846446274311104,0.009554213730121832,0.5477225575053095,0.1382750881395384,0.07190787856703626
0.0034,-0.0005,642.83,1592.11,1417.63,21.61,553.45,2388.04,9130.13,47.7,521.1,2388.01,8197.25,8.446,393,38.81,23.2667,642.99,1592.9339999999997,1412.5220000000002,21.61,553.1840000000001,2388.0379999999996,9120.538,47.648,521.612,2388.036,8194.86,8.45272,393.6,38.772000000000006,23.27244,0.2152905014157037,3.960395182299881,3.608361123840294,0.0,0.26197328108222667,0.02280350850296285,6.248085306888595,0.10568822072498546,0.3869366873269812,0.027018512168134556,2.383390442020167,0.010234598184629042,0.5477225575053095,0.12774975538135766,0.06785895666756789
0.0032,-0.0004,642.93,1598.06,1400.51,21.61,552.85,2388.1,9121.4,47.66,521.77,2388.02,8197.65,8.4286,392,38.64,23.3238,643.0219999999999,1594.7759999999998,1410.6280000000002,21.61,553.166,2388.046,9122.16,47.66799999999999,521.7059999999999,2388.034,8196.179999999998,8.450140000000001,393.4,38.75,23.265800000000002,0.1840380395456757,3.7205819437263496,6.556891031581858,0.0,0.2850087717965826,0.03577708764038513,4.775180625090642,0.0936482781476177,0.3472463102748813,0.027928480083826167,1.3489069645784837,0.014505102550507605,0.8944271909999957,0.1412444689182421,0.058494358702454216
-0.0027,0.0002,642.78,1595.94,1409.73,21.61,552.87,2388.03,9126.85,47.77,521.21,2388.07,8199.15,8.4838,395,38.8,23.2288,642.986,1596.048,1409.564,21.61,553.146,2388.044,9123.48,47.67399999999999,521.568,2388.04,8196.73,8.453399999999998,393.6,38.782000000000004,23.26486,0.2143128554236273,2.3258052368978595,6.073778066412765,0.0,0.30500819661280854,0.0364691650580351,5.021090519230655,0.10014988766850297,0.3858367530440664,0.032403703488353724,1.906449579474431,0.020125108695379493,1.1401754250991945,0.1275539101713347,0.0591769634233749
-0.0007,0.0003,642.34,1597.02,1411.39,21.61,553.12,2388.12,9133.34,47.85,521.9,2388.07,8205.06,8.4553,394,38.66,23.2073,642.792,1596.0439999999999,1409.904,21.61,553.074,2388.068,9126.679999999998,47.698,521.556,2388.05,8198.829999999998,8.4543,393.6,38.71999999999999,23.26918,0.2774346769960454,2.3236888776214344,6.129916802048562,0.0,0.24254896413097515,0.03962322551193038,5.224112365031635,0.12755391017140327,0.3712546296002083,0.03240370348749415,3.780482773276437,0.020080338642584187,1.1401754250991945,0.0796868872525168,0.05234784618311573
0.002,-0.0,643.03,1595.78,1415.91,21.61,553.18,2388.1,9137.66,47.57,521.32,2388.1,8205.82,8.4388,395,38.63,23.1911,642.7819999999999,1595.782,1411.034,21.61,553.094,2388.078,9129.876,47.71,521.46,2388.054,8200.985999999999,8.4505,393.8,38.708,23.24354,0.26508489206269775,2.2489152940877317,6.705675208361872,0.0,0.24724481794570172,0.040249223594329725,6.19785688788061,0.10653637876338026,0.354048019341488,0.0378153407981548,4.135895308031906,0.02102783869066836,1.3038404810405786,0.08927485648263271,0.05305330338455124
-0.0001,0.0,642.7,1591.53,1409.21,21.61,553.29,2388.13,9132.81,47.54,521.34,2388.12,8202.95,8.4708,394,38.74,23.2806,642.7560000000001,1595.666,1409.3500000000001,21.61,553.062,2388.096,9130.412,47.678000000000004,521.508,2388.076,8202.126,8.45546,394.0,38.694,23.24632,0.2655748482064911,2.4879268477954968,5.601446241823289,0.0,0.19434505396585122,0.039115214430058415,6.3395796392724355,0.13141537200804868,0.30605555051267186,0.03781534079653437,3.599448568736451,0.02256940406835944,1.2247448713916398,0.07334848328352822,0.0549022494986589
0.0009,-0.0002,642.92,1599.34,1415.84,21.61,552.82,2388.07,9138.13,47.81,521.07,2388.1,8209.2,8.4581,393,38.88,23.258,642.7540000000001,1595.922,1412.416,21.61,553.0559999999999,2388.09,9133.757999999998,47.708000000000006,521.368,2388.092,8204.435999999998,8.461359999999999,394.2,38.742000000000004,23.23316,0.2639696952301543,2.8371852248278793,3.2587390199339934,0.0,0.20280532537630627,0.04062019202222625,4.558889119385665,0.1428985654232209,0.3161803282933142,0.021679483376339206,3.7131698047535497,0.016948244746905074,0.8366600265341473,0.10207840124138158,0.036484147242523274
0.0013,-0.0002,643.26,1593.75,1409.07,21.61,552.89,2388.08,9131.12,47.74,521.5,2388.09,8204.71,8.4655,395,38.75,23.1495,642.85,1595.484,1412.284,21.61,553.0600000000001,2388.1,9134.612,47.702000000000005,521.426,2388.096,8205.548,8.457699999999999,394.2,38.732000000000006,23.2173,0.3492849839312324,2.9981877859769877,3.404831860759101,0.0,0.19836834425127087,0.02549509756609017,3.111506066666109,0.14024977718347487,0.3063984334157807,0.018165902109235167,2.296795593627913,0.012202253890200633,0.8366600265341473,0.09731392500560308,0.05255154612392922
-0.0004,0.0004,643.07,1602.68,1410.5,21.61,553.0,2388.08,9146.54,47.59,521.5,2388.05,8217.06,8.4807,395,38.49,23.2327,642.996,1596.616,1412.1060000000002,21.61,553.0360000000001,2388.092,9137.252,47.650000000000006,521.346,2388.0919999999996,8207.948,8.46278,394.4,38.698,23.222379999999998,0.20598543637782585,4.443324206040104,3.485560213228286,0.0,0.19654516020752127,0.02387467277121446,6.011178753211153,0.11811011811023273,0.17629520696740886,0.02588435820073212,5.580973929240398,0.01573044818182281,0.8944271909999858,0.14618481453281912,0.05257087596773562
0.0028,0.0004,642.51,1594.43,1418.36,21.61,552.54,2388.03,9133.11,47.8,521.04,2388.07,8206.82,8.4896,393,38.65,23.2054,642.892,1596.346,1412.596,21.61,552.908,2388.0780000000004,9136.342,47.696,521.29,2388.0860000000002,8208.148,8.47294,394.0,38.702,23.225240000000003,0.29609120216553586,4.546639418293676,4.2437636597765875,0.0,0.27289191999959156,0.03563705936220942,6.272684433558177,0.12381437719430671,0.22449944320580728,0.027018512162931684,5.503023714182702,0.012429119035602492,1.0000000000000604,0.14411800720241372,0.050802982196075666
-0.0027,0.0003,643.23,1599.69,1414.71,21.61,553.03,2388.06,9147.11,47.74,520.81,2388.13,8208.87,8.5072,396,38.6,23.096,642.9979999999999,1597.978,1413.696,21.61,552.856,2388.064,9139.202000000001,47.736000000000004,521.184,2388.088,8209.332,8.48022,394.4,38.674,23.188319999999997,0.30490982273415346,3.7867888771334837,3.8403163932210376,0.0,0.19578048932690867,0.02073644135444645,7.415576174726275,0.08792041856141858,0.3054995908340656,0.030331501767821803,4.680434808736861,0.019507101271108124,1.3416407864999231,0.148425065268619,0.06547249040641465
0.0016,-0.0003,643.11,1603.6,1422.45,21.61,552.26,2388.08,9149.61,47.76,520.66,2388.08,8218.51,8.4968,395,38.52,23.152,643.036,1598.83,1415.0179999999998,21.61,552.744,2388.066,9141.498000000001,47.726,521.1020000000001,2388.084,8211.194,8.48796,394.8,38.602,23.16712,0.30459809585705533,4.568407818921356,5.529228698475398,0.0,0.3333616654643013,0.021908902301066242,8.671537926071602,0.079874902190955,0.3877112327491047,0.029664793940249852,6.2150808521534335,0.015875862181355307,1.0954451150103968,0.10425929215178188,0.053299221382868425
0.0043,0.0001,643.39,1592.95,1419.44,21.61,552.38,2388.11,9153.31,47.73,520.91,2388.1,8216.76,8.4954,396,38.63,23.1945,643.062,1598.67,1417.092,21.61,552.642,2388.072,9145.936000000002,47.724000000000004,520.984,2388.0860000000002,8213.604,8.493939999999998,395.0,38.577999999999996,23.17612,0.332746149488959,4.798994686388125,4.608619099041062,0.0,0.354852081861127,0.02949576240783686,7.650547693044605,0.07956129712375588,0.32020306057234427,0.03049590135581749,5.348049176920144,0.00975028204727851,1.2247448713916471,0.06978538528939714,0.05337936867385391
0.0031,0.0004,643.22,1601.42,1416.52,21.61,552.4,2388.16,9153.75,47.83,520.88,2388.11,8217.85,8.456,393,38.51,23.1537,643.092,1598.4180000000001,1418.2959999999998,21.61,552.5219999999999,2388.088,9147.378,47.772,520.86,2388.0980000000004,8213.761999999999,8.489,394.6,38.582,23.160320000000002,0.34032337562928866,4.563065855319349,2.9403282129801616,0.0,0.30086541842031417,0.04969909455866314,8.432385190657946,0.04207136793611577,0.13946325680974914,0.02387467276081188,5.485578365018169,0.019508972294855487,1.5165750888103606,0.06379655163086848,0.04315839431698764
0.0005,-0.0002,643.59,1602.87,1422.64,21.61,553.12,2388.07,9149.6,47.69,520.89,2388.05,8220.49,8.499,395,38.42,23.1438,643.308,1600.1060000000002,1419.152,21.61,552.6379999999999,2388.096,9150.676000000001,47.75,520.83,2388.094,8216.496,8.490879999999999,395.0,38.536,23.148000000000003,0.18660117898768533,4.27070603062087,3.5279129807930585,0.0,0.4037573528757007,0.04037325847542784,2.8016923463871897,0.051478150705085636,0.10222524150131536,0.03049590135505699,4.474011622548366,0.020027281393176256,1.2247448713916471,0.08264381404550797,0.035115452439369296
-0.0024,0.0004,643.24,1598.93,1424.94,21.61,552.56,2388.16,9159.03,47.69,520.79,2388.1,8224.85,8.4997,396,38.81,23.0799,643.3100000000001,1599.954,1421.1979999999999,21.61,552.5440000000001,2388.116,9153.060000000001,47.739999999999995,520.826,2388.088,8219.692000000001,8.48938,395.0,38.577999999999996,23.14478,0.18560711193161447,4.302618969881186,3.2643406685042744,0.0,0.339234432216475,0.04277849927064189,3.8747128930969454,0.058309518948583966,0.10358571330065267,0.023874672761940427,3.187023689688243,0.01873878331166284,1.2247448713916471,0.14956603892592085,0.04127392639454046
0.0007,-0.0004,643.47,1602.4,1425.75,21.61,552.38,2388.09,9163.03,47.69,520.92,2388.12,8230.84,8.493,395,38.71,23.1791,643.382,1599.7140000000002,1421.8580000000002,21.61,552.568,2388.118,9155.744,47.726,520.878,2388.096,8222.158,8.488620000000001,395.0,38.616,23.1502,0.15610893632187223,4.075896220462655,3.8600155440168558,0.0,0.31767908335492817,0.04086563348141219,5.280452632499284,0.06066300355253511,0.05167204273075977,0.027018512162032278,5.768524074543123,0.01843724491352889,1.2247448713916471,0.15517731793013803,0.04413898503614974
-0.0032,-0.0002,643.19,1599.54,1427.61,21.61,551.93,2388.18,9172.44,47.97,520.97,2388.09,8226.85,8.494,395,38.66,23.1539,643.342,1601.0320000000002,1423.492,21.61,552.4780000000001,2388.132,9159.570000000002,47.773999999999994,520.89,2388.094,8224.176000000001,8.48834,394.8,38.622,23.14208,0.17767948671574724,1.735272312918663,4.2862536089286145,0.0,0.428625710849523,0.048682645776340926,8.82005385495248,0.1252198067400542,0.06595452979107373,0.02701851216219217,5.138538702641228,0.01831878816956635,1.0954451150103968,0.15642889758606354,0.03712993401585971
0.0003,0.0002,642.76,1591.99,1427.79,21.61,552.71,2388.1,9168.79,47.97,520.51,2388.13,8231.67,8.4862,398,38.53,23.1049,643.25,1599.146,1425.746,21.61,552.54,2388.12,9162.578000000001,47.802,520.816,2388.0980000000004,8226.94,8.49438,395.8,38.626,23.13232,0.31929610082124776,4.355080940692357,2.118331890912284,0.0,0.43686382317748856,0.04743416490073532,8.903216834628905,0.15336231610150342,0.1832484652050737,0.03114482299582491,4.570601710769106,0.00544536500167575,1.3038404810405786,0.15306861206658592,0.03964078707622929
-0.0002,0.0001,643.59,1596.45,1420.6,21.61,552.5,2388.15,9175.36,47.9,520.56,2388.09,8231.75,8.4952,394,38.8,23.0097,643.25,1597.862,1425.338,21.61,552.4159999999999,2388.136,9167.73,47.844,520.75,2388.106,8229.192000000001,8.49362,395.6,38.702,23.1055,0.31929610082124776,3.905889143329826,2.9133777647356722,0.0,0.2965299310377874,0.03911521442847512,6.695233379404083,0.14345731072349946,0.20772578077856488,0.01816590210832459,3.151891495347501,0.004874628191100296,1.5165750888103549,0.11476062042352692,0.06631907719521882
0.0004,-0.0004,643.18,1593.87,1420.64,21.61,552.43,2388.15,9169.22,47.88,520.84,2388.1,8230.69,8.5178,396,38.7,23.1532,643.238,1596.85,1424.478,21.61,552.39,2388.134,9169.768,47.882,520.76,2388.1059999999998,8230.36,8.49724,395.6,38.68,23.12016,0.32088938904186737,4.204122976315228,3.6112975507503107,0.0,0.2862691041682323,0.037815340799671755,4.611601674559084,0.11476062042364368,0.2113054660913003,0.01816590210832459,2.0191334771200613,0.012012826478455458,1.5165750888103549,0.09823441352190301,0.06733912681364418
-0.0006,-0.0003,643.64,1596.75,1428.16,21.61,551.91,2388.12,9177.7,47.88,520.63,2388.14,8239.17,8.4865,396,38.46,23.1719,643.272,1595.7199999999998,1424.9599999999998,21.61,552.296,2388.1400000000003,9172.702000000001,47.92,520.702,2388.11,8232.026000000002,8.49594,395.8,38.63,23.11872,0.35842711950916256,2.8948920532519127,3.966843833585574,0.0,0.3584410690773631,0.030822070011245453,3.8581627758511563,0.046368092477695126,0.19562719647353813,0.0234520787860662,4.466976605983573,0.012904960286706622,1.4832396974191766,0.13564659966247386,0.06582356720828976
0.0012,-0.0002,643.4,1602.48,1426.24,21.61,552.48,2388.12,9183.06,47.92,520.03,2388.12,8236.0,8.4865,396,38.74,23.1024,643.3140000000001,1596.308,1424.6860000000001,21.61,552.4060000000001,2388.1279999999997,9174.826000000001,47.910000000000004,520.5139999999999,2388.116,8233.856,8.49444,396.0,38.646,23.108420000000002,0.358719946475808,3.9654154889470368,3.78100251256936,0.0,0.29720363389645954,0.021679483384483535,6.004255158225674,0.03741657386800631,0.2983789536816869,0.02073644133789032,3.608071506827537,0.013603786237715854,1.4142135623731402,0.1444991349454793,0.06290712996175499
0.0022,0.0,643.59,1607.09,1416.6,21.61,552.48,2388.13,9185.97,47.94,520.83,2388.08,8247.28,8.5087,396,38.36,23.1516,643.48,1599.328,1422.4479999999999,21.61,552.3599999999999,2388.1340000000005,9178.261999999999,47.904,520.578,2388.1059999999998,8236.978,8.498940000000001,395.6,38.612,23.117759999999997,0.19118054294171777,5.359628718482341,4.687464133201793,0.0,0.25288337233055647,0.01516575088155813,6.575128896476082,0.026076809621192503,0.32995454232389426,0.02408318914514359,6.68512303539263,0.013914488851606798,0.8944271909999858,0.19110206696943774,0.0656604370989432
-0.0021,0.0,644.08,1607.74,1426.26,21.61,552.35,2388.12,9182.21,48.08,520.81,2388.13,8246.23,8.534,398,38.44,23.1126,643.578,1601.586,1423.5800000000002,21.61,552.33,2388.1279999999997,9179.632,47.94,520.6279999999999,2388.114,8239.874,8.506699999999999,396.4,38.54,23.13834,0.33394610343501,6.162153032827162,4.811403121757165,0.0,0.24072806234688235,0.013038404803250043,6.5327995534346215,0.08246211251247508,0.3451376536979944,0.024083189144558235,6.983854952552639,0.020546167525880926,0.8944271909999858,0.16911534525285218,0.029483690407110175
0.0006,0.0002,643.61,1604.53,1426.18,21.61,551.9,2388.19,9184.89,48.17,521.06,2388.13,8246.71,8.5333,397,38.44,23.0434,643.664,1603.718,1424.688,21.61,552.2239999999999,2388.136,9182.766,47.998000000000005,520.672,2388.12,8243.078,8.509799999999998,396.6,38.488,23.11638,0.25085852586535945,4.42413494369015,4.598273589082783,0.0,0.29602364770627915,0.030495901360617514,3.1951885712020682,0.12214745187690418,0.390025640182974,0.023452078785312393,5.151550251939355,0.023584316822871994,0.8944271909999858,0.14601369798752153,0.0496455637496876
0.0002,-0.0005,643.11,1608.87,1434.28,21.61,551.51,2388.13,9192.8,48.17,520.66,2388.13,8246.16,8.5255,396,38.46,23.0639,643.558,1606.142,1425.912,21.61,552.144,2388.138,9185.786,48.056,520.678,2388.118,8244.475999999999,8.5176,396.6,38.488,23.09478,0.35421744733909666,2.593408953477986,6.2657258159017735,0.0,0.42711825060675906,0.029495762403949754,4.190814957227189,0.12095453691375656,0.38944832776651966,0.021679483373937457,4.75941487981875,0.020151178625620228,0.8944271909999858,0.14601369798752153,0.04241935878848341
-0.0004,-0.0004,643.61,1605.0,1426.94,21.61,552.46,2388.16,9192.88,48.04,520.73,2388.12,8258.32,8.523,396,38.35,23.0294,643.6,1606.646,1426.052,21.61,552.14,2388.1459999999997,9187.749999999998,48.08,520.818,2388.118,8248.939999999999,8.5249,396.6,38.41,23.08018,0.3430743359672775,1.8389480688643154,6.282684139765278,0.0,0.4232611487030029,0.028809720577850872,4.84404273369192,0.09669539802918041,0.15122830422947725,0.021679483373937457,5.2627321799796976,0.01024426668931039,0.8944271909999858,0.05099019513583466,0.0508632676892406
0.0004,0.0004,643.66,1601.47,1426.74,21.61,551.85,2388.13,9199.74,48.22,520.16,2388.19,8255.68,8.5338,396,38.5,23.2379,643.6139999999999,1605.522,1428.08,21.61,552.014,2388.1459999999997,9190.503999999999,48.136,520.684,2388.1400000000003,8250.619999999999,8.52992,396.6,38.438,23.09744,0.3439912789583122,2.9070552110306287,3.4805746652040854,0.0,0.3891400776088882,0.028809720577850872,7.009424370516576,0.07368853370791054,0.32959065520751557,0.028284271234995672,5.90223262826684,0.0052570904502169955,0.8944271909999858,0.05495452665604994,0.08460722782378517
-0.0036,0.0001,643.48,1596.98,1425.66,21.61,552.05,2388.12,9200.05,48.18,520.43,2388.11,8262.35,8.5441,398,38.49,23.0412,643.494,1603.37,1427.96,21.61,551.954,2388.1459999999997,9194.072,48.156,520.608,2388.136,8253.844,8.53194,396.6,38.448,23.08316,0.224788789754891,4.435498844547368,3.5682488702527944,0.0,0.3450072463028593,0.028809720577850872,6.229178919101966,0.06804410334497853,0.3370014836764341,0.0313049516739364,7.1710410679440635,0.008285107120719028,0.8944271909999858,0.059749476985079535,0.08738857476825629
-0.0013,0.0003,643.73,1601.66,1427.73,21.61,551.57,2388.16,9215.59,48.3,520.01,2388.16,8267.9,8.5222,399,38.56,23.0292,643.518,1602.7959999999998,1428.27,21.61,551.888,2388.14,9200.212,48.182,520.3979999999999,2388.1420000000003,8258.081999999999,8.529720000000001,397.0,38.472,23.08032,0.2457030728327325,4.43355726251293,3.439970930118553,0.0,0.38693668732946096,0.01870828692803411,9.292845097520875,0.09444575162506043,0.3110787681602404,0.0327108544566995,8.101994815975083,0.00925942762819409,1.4142135623731402,0.07726577508826625,0.08921539665342132
-0.0051,-0.0,642.14,1581.34,1392.65,21.61,554.79,2388.06,9057.43,47.14,522.26,2388.03,8148.42,8.3915,391,39.13,23.3768,642.14,1581.34,1392.65,21.61,554.79,2388.06,9057.43,47.14,522.26,2388.03,8148.42,8.3915,391.0,39.13,23.3768,0.0,0.0,0.0,0.0,0.0,0.0,0.0,0.0,0.0,0.0,0.0,0.0,0.0,0.0,0.0
-0.0015,-0.0001,641.75,1575.29,1393.01,21.61,555.09,2388.02,9060.87,47.07,522.67,2387.98,8142.31,8.3902,392,39.19,23.3193,641.9449999999999,1578.315,1392.83,21.61,554.94,2388.04,9059.150000000001,47.105000000000004,522.4649999999999,2388.005,8145.365,8.39085,391.5,39.16,23.34805,0.2757716446627037,4.277996026178661,0.25455844122716675,0.0,0.2121320343559723,0.028284271247436175,2.4324473272814404,0.04949747468306104,0.28991378028650217,0.035355339059455995,4.320422433049252,0.0009192388155428816,0.7071067811865476,0.042426406871191945,0.04065863991822844
0.002,-0.0005,641.9,1588.37,1391.04,21.61,554.56,2387.98,9058.42,47.19,522.54,2388.0,8139.69,8.4149,392,39.01,23.4293,641.93,1581.6666666666667,1392.2333333333333,21.61,554.8133333333334,2388.02,9058.906666666668,47.13333333333333,522.4899999999999,2388.0033333333336,8143.473333333332,8.398866666666667,391.6666666666667,39.11,23.375133333333334,0.19672315572902196,6.54611589672319,1.0490154113898233,0.0,0.26576932353710403,0.03999999999996362,1.770884901209934,0.06027713773341609,0.20952326839759067,0.02516611478434094,4.479758177997167,0.01390047960803216,0.5773502691896216,0.09165151389911678,0.05501893613414796
-0.0027,-0.0004,642.1,1585.82,1402.48,21.61,554.83,2387.94,9060.87,47.13,522.05,2387.98,8136.5,8.417,390,39.07,23.5193,641.9725,1582.705,1394.795,21.61,554.8175,2388.0,9059.397500000001,47.1325,522.38,2387.9975,8141.73,8.4034,391.25,39.1,23.411175,0.18172781845385202,5.734134633926816,5.194436125958862,0.0,0.21715969546248046,0.051639777949385256,1.747672261418923,0.04924428900897967,0.27868739954769284,0.023629078131425986,5.053282761400269,0.014526527458411745,0.9574271077563405,0.07745966692414837,0.0849356373967968
0.0037,-0.0,642.17,1581.64,1398.62,21.61,554.11,2388.01,9059.64,47.27,523.26,2388.03,8138.35,8.3773,391,39.01,23.4225,642.012,1582.492,1395.56,21.61,554.676,2388.002,9059.446,47.160000000000004,522.5559999999999,2388.004,8141.054000000001,8.39818,391.2,39.082,23.41344,0.18047160441464902,4.988694217929096,4.812769472974961,0.0,0.36807607909240303,0.04494441010846023,1.517408975853163,0.07483314773547879,0.4616600480873615,0.025099800796085498,4.629970842240594,0.017161206251309687,0.8366600265340772,0.0782304288624326,0.07373057710339789
0.0004,0.0003,641.74,1582.15,1394.59,21.61,554.83,2387.98,9052.49,47.2,522.1,2387.96,8141.27,8.3935,392,38.96,23.4529,641.932,1582.654,1395.9479999999999,21.61,554.684,2387.986,9058.458,47.172000000000004,522.524,2387.9900000000002,8139.624000000001,8.398579999999999,391.4,39.048,23.42866,0.19740820651629917,4.954970231999293,4.592686577592676,0.0,0.37159117319984897,0.031304951685026686,3.487516308205968,0.07563068160475557,0.49186380228677745,0.026457513110842063,2.308176769659976,0.016989025869660553,0.8944271909999203,0.08843076387773707,0.07211302240233744
-0.0005,0.0002,641.61,1583.91,1396.79,21.61,554.36,2387.96,9058.53,47.16,522.99,2388.0,8138.93,8.3746,391,39.14,23.5112,641.904,1584.378,1396.7040000000002,21.61,554.538,2387.974,9057.99,47.19,522.588,2387.994,8138.948000000001,8.39546,391.2,39.038,23.46704,0.23586012804196074,2.7701570352597598,4.289245854459746,0.0,0.31059620087834766,0.026076809621024478,3.230456624070649,0.05244044240850574,0.5345745972266501,0.026076809620969983,1.7530601815102604,0.020066464561551926,0.8366600265340772,0.06906518659933013,0.04552271960241102
0.0002,-0.0001,641.92,1587.53,1394.05,21.61,554.41,2388.01,9060.14,47.05,522.27,2388.04,8140.46,8.3976,392,38.97,23.3613,641.908,1584.21,1397.306,21.61,554.508,2387.9800000000005,9058.333999999999,47.162,522.534,2388.002,8139.102000000001,8.392,391.2,39.03,23.45344,0.23594490882401103,2.477549192246125,3.4183811958294013,0.0,0.31515075757496613,0.03082207001498744,3.3759931871972144,0.08167006795638374,0.5539223772335056,0.0334664010613725,1.8647975761453195,0.017157068514173465,0.8366600265340772,0.07516648189186652,0.06542383357767857
0.0006,0.0002,641.84,1586.99,1394.23,21.6,554.33,2388.03,9049.92,47.14,523.13,2388.04,8142.5,8.3922,391,38.89,23.4499,641.856,1584.444,1395.656,21.607999999999997,554.408,2387.9980000000005,9056.144,47.164,522.75,2388.014,8140.302000000001,8.38704,391.4,38.994,23.43956,0.21030929603789852,2.7118038277131067,1.988738293491467,0.0044721359549988885,0.2623356628445906,0.02774887385084741,4.636079162395125,0.08080841540334992,0.5279678020486355,0.0343511280744229,1.6945412358513812,0.010362094382897868,0.54772255750517,0.09235799911215259,0.05438941073407349
0.0007,-0.0001,641.9,1583.41,1400.16,21.61,554.89,2387.97,9056.86,47.26,522.64,2388.01,8141.67,8.415,389,39.06,23.457,641.802,1584.798,1395.964,21.607999999999997,554.564,2387.9900000000002,9055.588,47.162,522.626,2388.0099999999998,8140.966,8.394580000000001,391.0,39.004000000000005,23.44646,0.12814054783693235,2.3449776118333396,2.590691027505937,0.0044721359549988885,0.27254357449777,0.029154759474288694,4.263738969495371,0.07758865896508446,0.444443472221194,0.03316624790339101,1.3548542357034057,0.01442331445958375,1.224744871391592,0.09710818709048356,0.05386996380173035
-0.0021,-0.0004,642.06,1577.5,1390.48,21.61,554.9,2388.03,9057.84,47.21,522.97,2387.95,8141.79,8.4285,389,39.0,23.3848,641.866,1583.868,1395.1419999999998,21.607999999999997,554.578,2388.0,9056.658,47.164,522.8,2388.0080000000003,8141.07,8.40158,390.4,39.012,23.43284,0.16425589791529754,3.9975017198244753,3.5935595166908447,0.0044721359549988885,0.29080921580998065,0.033166247903451844,3.951812242502723,0.07893034904268564,0.34655446902341697,0.0370135110466513,1.4031215200416374,0.02083583451652494,1.3416407864998727,0.09418067742377033,0.06008504805689892
0.0016,-0.0002,641.44,1586.47,1402.08,21.6,555.43,2388.0,9059.03,47.23,522.71,2388.0,8136.47,8.3646,391,38.91,23.4495,641.832,1584.38,1396.2,21.606,554.792,2388.0080000000003,9056.758,47.178,522.744,2388.0080000000003,8140.5779999999995,8.39958,390.4,38.966,23.420499999999997,0.23349518196301303,4.164672856299738,4.7822013759355215,0.005477225575051342,0.44375669009033536,0.024899799195671736,4.016817147941201,0.08408329203831119,0.33042397007493385,0.0370135110466513,2.4106575866352804,0.024269981458583965,1.3416407864998727,0.06877499545620708,0.04420616472846288
-0.0001,0.0003,641.59,1585.37,1400.84,21.61,554.47,2387.97,9062.9,47.16,522.5,2387.98,8141.69,8.3705,390,39.19,23.4149,641.766,1583.9479999999999,1397.558,21.606,554.804,2388.0,9057.310000000001,47.2,522.79,2387.996,8140.8240000000005,8.39416,390.0,39.010000000000005,23.43122,0.24855582873856877,3.8568925315595215,4.979058143866179,0.005477225575051342,0.43148580509665435,0.029999999999959448,4.724986772467722,0.049497474683053114,0.2554407954890671,0.03361547262826945,2.457901544001076,0.027617802229721804,0.9999999999999929,0.12186057606954077,0.030695553423906306
0.0019,-0.0003,641.48,1579.72,1399.07,21.6,554.98,2388.02,9052.32,47.35,522.51,2388.01,8146.92,8.3918,392,39.07,23.4627,641.694,1582.4940000000001,1398.5259999999998,21.606,554.934,2387.9980000000005,9057.79,47.242000000000004,522.6659999999999,2387.99,8141.7080000000005,8.394079999999999,390.2,39.046,23.43378,0.27272696969659477,3.793221585934445,4.628431699831033,0.005477225575051342,0.3415113468098662,0.027748873850995927,3.8222375645681694,0.0704982269280529,0.1916507239748216,0.025495097568591776,3.694931663780201,0.027625477371441543,1.3038404810405269,0.102615788258922,0.03308378757034734
0.002,0.0001,642.28,1579.22,1394.18,21.6,554.8,2387.97,9054.15,47.15,522.2,2387.96,8140.48,8.3812,392,39.18,23.4554,641.77,1581.6560000000002,1397.33,21.604,554.9159999999999,2387.998,9057.248,47.21999999999999,522.5780000000001,2387.98,8141.469999999999,8.387319999999999,390.8,39.07,23.433460000000004,0.3773592452821415,3.997590524303205,4.867114134679722,0.005477225575052396,0.34674197899864856,0.027748873850995927,4.163948846947613,0.07999999999999731,0.28490349243217794,0.025495097568792438,3.736087525742043,0.025260779877115478,1.3038404810405269,0.11937336386313238,0.032809647971288346
-0.0022,-0.0001,642.15,1586.81,1396.95,21.6,554.0,2388.0,9052.07,47.14,522.28,2387.96,8135.33,8.3677,391,39.06,23.3728,641.7879999999999,1583.518,1398.6240000000003,21.601999999999997,554.7360000000001,2387.9919999999997,9056.094000000001,47.206,522.4399999999999,2387.982,8140.178,8.37516,391.2,39.082,23.431060000000002,0.3963205773107341,3.7376155500531123,3.1466219982706747,0.004472135955001967,0.5379869886902058,0.021679483388556818,4.721136515712518,0.08792041856133247,0.2028546277511327,0.02280350850277092,4.612057024799728,0.011205489726030388,0.8366600265340667,0.11344602240713328,0.037379579986937465
-0.0001,0.0001,641.68,1586.2,1402.79,21.61,554.54,2388.03,9056.2,47.2,522.77,2388.0,8141.61,8.3667,392,39.06,23.38,641.836,1583.464,1398.766,21.604000000000003,554.558,2387.9979999999996,9055.528,47.2,522.452,2387.982,8141.206,8.375580000000001,391.4,39.112,23.417160000000003,0.3561319980006576,3.6858960918613715,3.350959564065354,0.005477225575051139,0.37285385877045557,0.027748873850995927,4.442574703929262,0.0868907359849145,0.22353970564543096,0.02280350850277092,4.126188313686816,0.01074043760747982,0.8944271909999103,0.06685805860178248,0.04150292760758129
-0.0016,-0.0005,641.71,1579.52,1392.34,21.61,554.82,2387.99,9055.04,47.04,522.14,2388.02,8143.73,8.3917,392,39.22,23.3965,641.86,1582.294,1397.066,21.604000000000003,554.6279999999999,2388.0019999999995,9053.956,47.176,522.38,2387.9900000000002,8141.614,8.37982,391.8,39.118,23.41348,0.33904277016321904,3.854254791785161,4.10663244033352,0.005477225575051139,0.38486361220567794,0.02387467277253826,1.76647388884962,0.11326958991715785,0.25932604959789773,0.028284271247973777,4.2838569070413355,0.012304348824709434,0.44721359549995715,0.07628892449103859,0.04255581041409266
0.0001,-0.0002,641.95,1587.74,1394.18,21.61,554.36,2388.02,9057.11,47.27,521.96,2387.96,8142.36,8.4354,390,38.87,23.4891,641.954,1583.898,1396.0880000000002,21.606,554.504,2388.0019999999995,9054.914,47.160000000000004,522.27,2387.9800000000005,8140.701999999999,8.38854,391.4,39.077999999999996,23.41876,0.26425366601046774,4.171045432502445,4.092318413808831,0.0054772255750486255,0.3404115156689688,0.02387467277253826,1.9470567531511647,0.08455767262644928,0.30331501776212827,0.028284271247973777,3.2268359115400327,0.02815586972551232,0.8944271909999103,0.13645512082732533,0.050991107067802514
-0.0022,-0.0004,641.4,1576.76,1393.19,21.61,554.74,2387.99,9051.66,47.06,522.4,2387.98,8139.69,8.3693,391,39.05,23.3995,641.778,1583.4060000000002,1395.89,21.607999999999997,554.492,2388.006,9054.416000000001,47.14200000000001,522.31,2387.984,8140.544,8.38616,391.2,39.052,23.40758,0.2850789364368332,4.935775521637869,4.229367565014726,0.0044721359549937745,0.3282072515957763,0.018165902124455773,2.4458597670330655,0.0960208310732752,0.3049590136396142,0.02607680962135909,3.259598134740615,0.029406597899111788,0.8366600265340667,0.12397580409096011,0.0469144647203851
-0.0,-0.0003,642.02,1581.28,1402.91,21.61,554.24,2387.98,9051.41,47.17,522.51,2387.96,8144.29,8.3994,391,39.25,23.4367,641.752,1582.3,1397.0819999999999,21.61,554.5400000000001,2388.0019999999995,9054.284,47.148,522.356,2387.984,8142.335999999998,8.3925,391.2,39.089999999999996,23.42036,0.24590648629092657,4.589771236129253,5.305720497726948,0.0,0.2453568829277653,0.0216794833886735,2.6160141436909226,0.096798760322652,0.31643324730510985,0.026076809621359092,1.8227945578162597,0.02780530524917774,0.8366600265340667,0.15280706789936258,0.04366220333423518
0.0017,0.0001,642.23,1574.41,1393.37,21.61,555.14,2388.02,9050.46,47.14,522.48,2387.97,8142.05,8.4349,391,39.05,23.3847,641.862,1579.942,1395.198,21.61,554.66,2388.0,9053.136,47.136,522.298,2387.978,8142.424000000001,8.406139999999999,391.0,39.088,23.4213,0.3180723188206706,5.0868772346104665,4.360420851248006,0.0,0.36359317925392,0.018708286933811668,2.816758775612842,0.09235799911216483,0.2385791273352383,0.02489979919656778,1.789295950927166,0.02869848428052911,0.7071067811865349,0.15336231610144802,0.04261408217948718
0.0005,0.0002,642.51,1574.29,1393.39,21.61,554.37,2388.02,9054.8,47.12,521.89,2387.98,8139.48,8.3942,392,39.05,23.4757,642.0219999999999,1578.896,1395.4080000000001,21.61,554.57,2388.006,9053.088,47.152,522.248,2387.9700000000003,8141.5740000000005,8.40664,391.0,39.053999999999995,23.43714,0.41032913618213146,5.696527889863932,4.21109486950821,0.0,0.3697296309467353,0.01949358868937712,2.777979481564021,0.07726577508834007,0.29861346252310306,0.01000000000157969,2.009684054771993,0.02840427784682749,0.7071067811865349,0.134461890511773,0.04569910283583048
-0.0013,0.0,642.0,1574.48,1396.04,21.61,554.45,2388.06,9052.53,47.21,521.98,2388.01,8142.6,8.3923,392,39.14,23.3609,642.0319999999999,1576.2440000000001,1395.78,21.61,554.588,2388.014,9052.172,47.14,522.2520000000001,2387.98,8141.622,8.39802,391.4,39.10799999999999,23.4115,0.4087419723982076,2.996703188504977,4.157306820526802,0.0,0.3589846793388286,0.03130495168465082,1.6437974327725233,0.05612486080163133,0.29388773366719817,0.018708286934595586,2.0358462613874497,0.023633598964185043,0.5477225575051538,0.08843076387773888,0.045219685978566855
-0.002,0.0001,641.67,1582.77,1395.44,21.61,554.86,2388.05,9057.96,47.19,522.75,2387.93,8146.07,8.4012,390,38.98,23.4034,642.086,1577.446,1396.23,21.61,554.612,2388.0260000000003,9053.431999999999,47.166,522.322,2387.97,8142.897999999999,8.4044,391.2,39.094,23.41228,0.3103707460441196,4.213648063139214,3.9219829168418086,0.0,0.3753265245089834,0.031304951684313076,3.004541562366018,0.036469165057637816,0.3698242825992667,0.029154759474891163,2.474362544172942,0.017435165614350216,0.8366600265340667,0.10406728592598295,0.04499402182512893
-0.0021,-0.0001,642.4,1588.21,1396.89,21.61,555.04,2387.96,9055.87,46.96,522.71,2388.0,8143.49,8.3905,392,38.89,23.4299,642.162,1578.8319999999999,1395.026,21.61,554.772,2388.022,9054.324,47.124,522.3620000000001,2387.978,8142.738,8.40262,391.4,39.022,23.410919999999997,0.3356635219978469,6.375313325633294,1.5884678152226108,0.0,0.34651118308058965,0.03898717737878996,2.91488078658196,0.09864076236527614,0.4044378815097386,0.03114482300536063,2.3861412363910115,0.018495323733307818,0.8944271909999103,0.09311283477587325,0.0441665257859416
-0.0004,0.0001,642.42,1585.72,1394.2,21.61,554.73,2387.96,9056.31,47.22,522.37,2387.98,8142.22,8.3826,392,39.06,23.4823,642.2,1581.094,1395.192,21.61,554.69,2388.01,9055.494,47.14,522.3399999999999,2387.98,8142.772,8.392159999999999,391.6,39.024,23.430439999999997,0.3554574517435263,6.420391732596903,1.404909249737509,0.0,0.2797320146138875,0.047958315232976306,2.009684054766004,0.10793516572462486,0.39937451095441134,0.03082207001539871,2.375072630469565,0.006709172825322527,0.8944271909999103,0.09396807968666414,0.050757245788161036
-0.0011,0.0004,641.89,1579.42,1390.05,21.61,554.89,2387.95,9052.98,47.3,522.22,2387.97,8140.14,8.3948,391,38.99,23.3742,642.0759999999999,1582.1200000000001,1394.524,21.61,554.794,2387.996,9055.13,47.176,522.406,2387.978,8142.904,8.39228,391.4,39.012,23.41014,0.3273071951546217,5.3881861512014275,2.6859318680855764,0.0,0.22165288177666312,0.05412947441098052,2.309296429647357,0.1277888884058417,0.32715439780033945,0.03114482300536063,2.1544674516002775,0.006759955621159449,0.8944271909999103,0.0936482781475393,0.04837151021004173
-0.0049,-0.0005,641.44,1583.51,1391.57,21.61,554.38,2388.02,9054.88,47.23,522.19,2388.0,8144.59,8.3759,392,38.95,23.4044,641.964,1583.926,1393.6299999999999,21.61,554.78,2387.9880000000003,9055.6,47.17999999999999,522.448,2387.9759999999997,8143.302000000001,8.389,391.4,38.974000000000004,23.41884,0.4371841717170837,3.293346322511438,2.7968106836174975,0.0,0.24929901724618725,0.04438468204259848,1.8391166357744302,0.12942179105544954,0.2666833328127536,0.028809720582324814,2.265230672581825,0.009966192853848567,0.8944271909999103,0.06188699378704317,0.04058673428597194
0.0022,0.0003,642.66,1581.19,1396.1,21.61,554.3,2388.01,9057.6,47.19,522.66,2387.97,8132.9,8.3877,391,39.08,23.4738,642.162,1583.6100000000001,1393.762,21.61,554.6679999999999,2387.98,9055.528,47.17999999999999,522.4300000000001,2387.984,8140.668,8.3863,391.6,38.994,23.43292,0.4915485733881978,3.5012354962211965,2.9166024754835664,0.0,0.32010935631431775,0.032403703492401015,1.7272724162632729,0.12942179105544954,0.24320773014053196,0.015165750888945763,4.646909725829156,0.007309240726652177,0.54772255750517,0.07829431652423971,0.04577146490991992
0.0004,-0.0,642.08,1588.61,1404.23,21.61,555.42,2388.02,9061.33,47.15,522.03,2388.02,8141.55,8.3838,392,39.02,23.4852,642.098,1583.69,1395.23,21.61,554.7439999999999,2387.992,9056.619999999999,47.217999999999996,522.294,2387.988,8140.280000000001,8.384960000000001,391.6,39.02,23.44398,0.473307511032697,3.6346457874185063,5.546300568847525,0.0,0.44947747440770686,0.03420526275309093,3.143159238724846,0.055407580708774384,0.2375499947380634,0.021679483389289673,4.428221990822697,0.006952193898344445,0.54772255750517,0.05244044240849227,0.051216618396765626
0.0022,-0.0001,641.85,1581.98,1395.81,21.61,554.53,2387.97,9060.29,47.17,522.63,2388.0,8138.65,8.3695,393,38.96,23.3222,641.984,1582.942,1395.5520000000001,21.61,554.704,2387.9939999999997,9057.416000000001,47.208,522.346,2387.9919999999997,8139.566000000001,8.382340000000001,391.8,39.0,23.41196,0.4441058432400507,3.494577227648324,5.518217103376663,0.0,0.45981518026262413,0.03209361307188024,3.525709857600312,0.05932958789676212,0.28254203227142466,0.021679483389336868,4.323798098894708,0.009905200654213424,0.8366600265340772,0.05244044240848549,0.06842534618107736
0.0012,-0.0001,642.09,1588.28,1394.41,21.61,554.19,2388.04,9055.49,47.0,522.3,2388.04,8137.79,8.409,391,38.98,23.5983,642.024,1584.714,1396.424,21.61,554.564,2388.012,9057.918000000001,47.148,522.3620000000001,2388.006,8139.0960000000005,8.38518,391.8,38.998000000000005,23.456780000000002,0.44252683534443615,3.508493978903288,4.717868162634399,0.0,0.4942974812802589,0.025884358210519206,2.8501701703544167,0.08786353054596428,0.27580790416533485,0.026076809621590154,4.373245934086606,0.015063432543752236,0.8366600265340772,0.05310367218938483,0.10244599552934983
-0.0007,-0.0,642.34,1582.52,1395.08,21.61,555.06,2387.98,9061.08,47.18,522.36,2388.02,8135.78,8.4052,391,39.2,23.3595,642.204,1584.516,1397.126,21.61,554.7,2388.004,9059.158,47.138,522.396,2388.0099999999998,8137.334,8.39104,391.6,39.048,23.4478,0.30826936273329425,3.6196035694534947,4.025360853389361,0.0,0.5236888389109842,0.02880972058142805,2.5285707425287756,0.0785493475466344,0.25928748523616474,0.02645751311153065,3.232248443421962,0.016206572740713642,0.8944271909999203,0.09654014708917895,0.10988318797705005
-0.0038,0.0001,641.85,1579.33,1403.7,21.61,554.68,2388.0,9050.57,47.19,522.24,2388.03,8137.74,8.3686,392,39.0,23.589,642.042,1584.144,1398.6460000000002,21.61,554.7760000000001,2388.002,9057.752,47.138,522.312,2388.022,8138.301999999999,8.387220000000003,391.8,39.032,23.47084,0.2038872237291287,4.109334495998138,4.884335164584895,0.0,0.47658157748689667,0.028635642126223937,4.664141936088045,0.0785493475466344,0.2169562167813311,0.014832396976358466,2.098158716590079,0.019170602494447776,0.8366600265340772,0.09654014708917534,0.12738180011288602
0.0039,-0.0004,642.08,1585.29,1404.18,21.61,554.8,2388.01,9056.88,47.03,522.06,2388.03,8137.92,8.3871,394,39.09,23.4358,642.0420000000001,1583.48,1398.636,21.61,554.6519999999999,2388.0,9056.862,47.114,522.318,2388.0240000000003,8137.575999999999,8.38788,392.2,39.046,23.46096,0.2038872237291287,3.4172430408151757,4.87007494808865,0.0,0.3230634612579522,0.027386127874970825,4.213510412942609,0.09126883367285303,0.20741263220951503,0.015165750890347569,1.0688919496385605,0.019080015723266928,1.3038404810405335,0.09939818911831558,0.12790427279805552
-0.0021,-0.0001,642.07,1586.19,1387.57,21.6,554.73,2388.02,9056.23,47.19,522.51,2387.98,8142.17,8.4121,392,39.08,23.4848,642.086,1584.322,1396.988,21.608,554.6919999999999,2388.0099999999998,9056.05,47.117999999999995,522.294,2388.02,8138.279999999999,8.396400000000002,392.0,39.07,23.493479999999998,0.17357995275947596,3.4734521732709367,6.9957322704632015,0.0044721359549937745,0.3164964454775896,0.022360679774287368,3.753871335031686,0.09471008394042649,0.16486357996864873,0.023452078800464064,2.3475199679668104,0.018316795571276207,1.224744871391592,0.08717797887082344,0.1018138841219543
0.0014,-0.0005,641.96,1580.04,1398.55,21.61,554.29,2387.98,9064.48,47.2,522.57,2388.03,8144.67,8.3755,391,38.84,23.4304,642.0600000000001,1582.674,1397.816,21.608,554.7119999999999,2387.998,9057.848,47.158,522.3480000000001,2388.0180000000005,8139.656,8.389700000000001,392.0,39.042,23.459899999999998,0.18234582528802087,3.055720864215041,6.85796835804896,0.0044721359549937745,0.2776148411017644,0.017888543819772316,5.266722889993095,0.07190271204899722,0.2063249863687856,0.021679483390118225,3.64583735237915,0.01867899890251235,1.224744871391592,0.13349157276772108,0.0848793850119058
-0.0013,-0.0001,642.37,1582.58,1392.91,21.61,555.03,2388.0,9061.78,47.08,522.6,2387.98,8138.96,8.4115,393,38.98,23.3607,642.066,1582.686,1397.382,21.608,554.706,2388.002,9057.988,47.138,522.396,2388.01,8140.2919999999995,8.39096,392.4,38.998000000000005,23.460140000000003,0.19398453546602742,3.0550826502730053,7.137371364865378,0.0044721359549937745,0.2683840531774853,0.014832396973579973,5.382152914957001,0.07791020472314106,0.235648042640028,0.027386127876270178,3.025189250278839,0.02014120155303613,1.140175425099143,0.10059821071966166,0.08452548728046082
-0.0054,-0.0002,642.49,1586.32,1399.36,21.61,554.43,2387.97,9056.4,47.17,522.22,2388.01,8136.25,8.365,391,39.24,23.5138,642.1940000000001,1584.084,1396.514,21.608,554.656,2387.996,9059.153999999999,47.134,522.392,2388.0060000000003,8139.994000000001,8.390240000000002,392.2,39.04600000000001,23.4451,0.22456624857718652,2.715939984609486,6.4030563014859965,0.0044721359549937745,0.2962768975131245,0.02073644135334312,3.7605691058649486,0.07503332592922925,0.2391024884857416,0.025099800797037806,3.390727060676341,0.021178007460571847,1.3038404810405335,0.14791889669680297,0.05856987280163469
-0.0026,-0.0002,641.99,1583.08,1399.77,21.61,554.77,2388.01,9052.81,47.22,522.19,2388.02,8141.87,8.3764,393,39.11,23.3739,642.176,1583.6419999999998,1395.632,21.608,554.65,2387.996,9058.34,47.172,522.418,2388.004,8140.784,8.3881,392.0,39.05,23.43272,0.2391233991060499,2.6496263887575195,5.290105859054149,0.0044721359549937745,0.29291637031754747,0.02073644135334312,4.699196739867316,0.0544977063737609,0.19740820651648838,0.023021728867474823,3.2436676771829887,0.02209536150417277,1.0000000000000018,0.14966629547095617,0.06696705906637926
0.0001,-0.0002,641.93,1583.14,1389.57,21.61,554.67,2387.97,9057.99,47.22,522.29,2387.98,8138.53,8.3904,390,39.08,23.3547,642.148,1583.032,1396.032,21.61,554.638,2387.986,9058.692000000001,47.178000000000004,522.374,2388.004,8140.056,8.383759999999999,391.6,39.05,23.406699999999997,0.26176325181360544,2.2350212526952604,4.552276353649823,0.0,0.29003448070877946,0.018165902125289683,4.565651103619511,0.0584807660688577,0.19629060089590378,0.023021728867474823,3.2632468493822206,0.017943884752197974,1.3416407864998794,0.14966629547095617,0.0669476287854946
-0.0007,0.0,641.53,1579.94,1401.71,21.61,554.6,2387.96,9053.36,46.94,522.14,2388.01,8141.79,8.3782,392,39.16,23.4345,642.0619999999999,1583.0120000000002,1396.664,21.61,554.7,2387.982,9056.467999999999,47.126,522.288,2388.0,8139.4800000000005,8.3843,391.8,39.114,23.407519999999998,0.38199476436206276,2.268682437010373,5.167086219524453,0.0,0.2222611077088915,0.021679483389466646,3.6598866102610934,0.11865917579353963,0.182674574038366,0.01870828693506806,2.3798109168594066,0.017671728834501594,1.3038404810405335,0.09633275663035211,0.06733447853811875
0.0009,-0.0002,641.67,1577.62,1398.59,21.61,555.28,2387.98,9061.9,47.14,522.79,2387.96,8143.68,8.3839,391,38.93,23.4667,641.9219999999999,1582.02,1397.8,21.61,554.75,2387.978,9056.492,47.138,522.326,2387.996,8140.423999999999,8.37878,391.4,39.104,23.42872,0.36894444026167694,3.337454119534595,4.742351737271258,0.0,0.3211697370549864,0.019235384062770887,3.7035617991288494,0.11584472366060403,0.2650094337944817,0.025099800796934763,2.9819423200327373,0.009448915281673739,1.140175425099143,0.11458621208505905,0.06557188421877107
0.0009,-0.0002,642.5,1587.19,1395.09,21.61,554.34,2387.95,9056.12,47.3,522.44,2388.01,8140.67,8.377,393,39.07,23.4351,641.924,1582.194,1396.946,21.61,554.732,2387.9739999999997,9056.436,47.164,522.37,2387.996,8141.308,8.38118,391.8,39.07,23.412979999999997,0.3728002145922239,3.627737586981585,4.7755502300781725,0.0,0.3452100809651347,0.02302172886743407,3.70741554185201,0.1374045122985431,0.2612470095523776,0.025099800796934763,1.8906929946452549,0.005949957983062718,1.3038404810405335,0.0857321409974149,0.04680290589269297
-0.0036,-0.0002,641.93,1582.5,1395.53,21.61,554.79,2387.97,9059.73,47.24,522.78,2387.97,8140.61,8.3772,392,38.97,23.3752,641.9119999999999,1582.078,1396.098,21.61,554.736,2387.966,9057.820000000002,47.168,522.4879999999999,2387.986,8141.056,8.38134,391.6,39.042,23.41324,0.37110645372992807,3.601502464250006,4.518243021352372,0.0,0.34587570021606473,0.011401754252915366,3.2827199088526857,0.1397139935725856,0.2911528808032241,0.023021728867584697,1.8810050504986584,0.005798103138114126,1.140175425099143,0.09203260291874665,0.04653437439141377
